"","nmz","ndz","a","c","e","g","b","x","PGS","A","p1","p2","p3","p4","p5","p6","p7","p8","p9","p10","p11","p12","p13","p14","p15","p16","Smz","Sdz"
"1",4000,4000,0.632455532033676,0.547722557505166,0.547722557505166,0,0,0,0.02,0.98,0.05,0.05,0.05,0.05,0.05,0.05,0.05,0.05,0.05,0.05,0.05,0.05,0.05,0.05,0.05,0.05,-1.11022302462516e-16,-1.11022302462516e-16
"2",4000,4000,0.632455532033676,0.547722557505166,0.547722557505166,0,0.02,0,0.02,0.98,0.053,0.06,0.05,0.057,0.053,0.06,0.05,0.057,0.053,0.06,0.05,0.057,0.054,0.057,0.05,0.054,0.0256982212813468,0.0130491106406734
"3",4000,4000,0.632455532033676,0.547722557505166,0.547722557505166,0,0.04,0,0.02,0.98,0.063,0.092,0.05,0.079,0.063,0.092,0.05,0.079,0.063,0.092,0.05,0.079,0.065,0.08,0.05,0.065,0.052196442562694,0.0268982212813471
"4",4000,4000,0.632455532033676,0.547722557505166,0.547722557505166,0,0.06,0,0.02,0.98,0.08,0.147,0.05,0.115,0.08,0.147,0.05,0.115,0.08,0.147,0.05,0.115,0.085,0.118,0.05,0.083,0.079494663844041,0.0415473319220205
"5",4000,4000,0.632455532033676,0.547722557505166,0.547722557505166,0,0.08,0,0.02,0.98,0.106,0.226,0.05,0.167,0.106,0.226,0.05,0.167,0.106,0.226,0.05,0.167,0.113,0.173,0.05,0.108,0.107592885125388,0.0569964425626939
"6",4000,4000,0.632455532033676,0.547722557505166,0.547722557505166,0,0.1,0,0.02,0.98,0.14,0.326,0.05,0.234,0.14,0.326,0.05,0.234,0.14,0.326,0.05,0.234,0.151,0.244,0.05,0.14,0.136491106406735,0.0732455532033676
"7",4000,4000,0.632455532033676,0.547722557505166,0.547722557505166,0.02,0,0,0.02,0.98,0.061,0.053,0.058,0.05,0.061,0.053,0.058,0.05,0.061,0.053,0.058,0.05,0.056,0.053,0.053,0.05,0.026098221281347,0.026098221281347
"8",4000,4000,0.632455532033676,0.547722557505166,0.547722557505166,0.02,0.02,0,0.02,0.98,0.076,0.075,0.057,0.057,0.076,0.075,0.057,0.057,0.076,0.075,0.057,0.057,0.07,0.07,0.053,0.054,0.0525964425626939,0.0399473319220205
"9",4000,4000,0.632455532033676,0.547722557505166,0.547722557505166,0.02,0.04,0,0.02,0.98,0.098,0.12,0.057,0.078,0.098,0.12,0.057,0.078,0.098,0.12,0.057,0.078,0.091,0.103,0.053,0.064,0.079894663844041,0.0545964425626941
"10",4000,4000,0.632455532033676,0.547722557505166,0.547722557505166,0.02,0.06,0,0.02,0.98,0.128,0.187,0.057,0.114,0.128,0.187,0.057,0.114,0.128,0.187,0.057,0.114,0.121,0.151,0.053,0.082,0.107992885125388,0.0700455532033675
"11",4000,4000,0.632455532033676,0.547722557505166,0.547722557505166,0.02,0.08,0,0.02,0.98,0.167,0.278,0.057,0.165,0.167,0.278,0.057,0.165,0.167,0.278,0.057,0.165,0.16,0.216,0.053,0.106,0.136891106406735,0.0862946638440412
"12",4000,4000,0.632455532033676,0.547722557505166,0.547722557505166,0.02,0.1,0,0.02,0.98,0.215,0.387,0.057,0.231,0.215,0.387,0.057,0.231,0.215,0.387,0.057,0.231,0.208,0.294,0.053,0.137,0.166589327688082,0.103343774484715
"13",4000,4000,0.632455532033676,0.547722557505166,0.547722557505166,0.04,0,0,0.02,0.98,0.094,0.063,0.08,0.05,0.094,0.063,0.08,0.05,0.094,0.063,0.08,0.05,0.075,0.063,0.062,0.05,0.0537964425626938,0.0537964425626938
"14",4000,4000,0.632455532033676,0.547722557505166,0.547722557505166,0.04,0.02,0,0.02,0.98,0.12,0.097,0.079,0.057,0.12,0.097,0.079,0.057,0.12,0.097,0.079,0.057,0.098,0.09,0.062,0.053,0.0810946638440408,0.0684455532033674
"15",4000,4000,0.632455532033676,0.547722557505166,0.547722557505166,0.04,0.04,0,0.02,0.98,0.155,0.154,0.078,0.078,0.155,0.154,0.078,0.078,0.155,0.154,0.078,0.078,0.13,0.132,0.062,0.064,0.109192885125388,0.083894663844041
"16",4000,4000,0.632455532033676,0.547722557505166,0.547722557505166,0.04,0.06,0,0.02,0.98,0.198,0.234,0.078,0.113,0.198,0.234,0.078,0.113,0.198,0.234,0.078,0.113,0.17,0.19,0.061,0.081,0.138091106406735,0.100143774484715
"17",4000,4000,0.632455532033676,0.547722557505166,0.547722557505166,0.04,0.08,0,0.02,0.98,0.249,0.335,0.077,0.163,0.249,0.335,0.077,0.163,0.249,0.335,0.077,0.163,0.218,0.263,0.061,0.104,0.167789327688082,0.117192885125388
"18",4000,4000,0.632455532033676,0.547722557505166,0.547722557505166,0.04,0.1,0,0.02,0.98,0.308,0.45,0.076,0.227,0.308,0.45,0.076,0.227,0.308,0.45,0.076,0.227,0.274,0.348,0.061,0.135,0.198287548969429,0.135041995766061
"19",4000,4000,0.632455532033676,0.547722557505166,0.547722557505166,0.06,0,0,0.02,0.98,0.147,0.08,0.116,0.05,0.147,0.08,0.116,0.05,0.147,0.08,0.116,0.05,0.106,0.078,0.077,0.05,0.0830946638440411,0.0830946638440411
"20",4000,4000,0.632455532033676,0.547722557505166,0.547722557505166,0.06,0.02,0,0.02,0.98,0.186,0.126,0.114,0.057,0.186,0.126,0.114,0.057,0.186,0.126,0.114,0.057,0.139,0.115,0.076,0.053,0.111192885125388,0.0985437744847144
"21",4000,4000,0.632455532033676,0.547722557505166,0.547722557505166,0.06,0.06,0,0.02,0.98,0.286,0.286,0.111,0.112,0.286,0.286,0.111,0.112,0.286,0.286,0.111,0.112,0.229,0.234,0.075,0.08,0.169789327688082,0.131841995766062
"22",4000,4000,0.632455532033676,0.547722557505166,0.547722557505166,0.06,0.08,0,0.02,0.98,0.346,0.395,0.109,0.161,0.346,0.395,0.109,0.161,0.346,0.395,0.109,0.161,0.285,0.314,0.074,0.103,0.200287548969429,0.149691106406735
"23",4000,4000,0.632455532033676,0.547722557505166,0.547722557505166,0.06,0.1,0,0.02,0.98,0.413,0.513,0.108,0.224,0.413,0.513,0.108,0.224,0.413,0.513,0.108,0.224,0.348,0.404,0.074,0.132,0.231585770250776,0.168340217047409
"24",4000,4000,0.632455532033676,0.547722557505166,0.547722557505166,0.08,0,0,0.02,0.98,0.221,0.103,0.165,0.05,0.221,0.103,0.165,0.05,0.221,0.103,0.165,0.05,0.149,0.1,0.097,0.05,0.113992885125388,0.113992885125388
"25",4000,4000,0.632455532033676,0.547722557505166,0.547722557505166,0.08,0.02,0,0.02,0.98,0.27,0.161,0.162,0.057,0.27,0.161,0.162,0.057,0.27,0.161,0.162,0.057,0.19,0.146,0.096,0.053,0.142891106406735,0.130241995766061
"26",4000,4000,0.632455532033676,0.547722557505166,0.547722557505166,0.08,0.04,0,0.02,0.98,0.325,0.242,0.159,0.077,0.325,0.242,0.159,0.077,0.325,0.242,0.159,0.077,0.24,0.207,0.094,0.063,0.172589327688082,0.147291106406735
"27",4000,4000,0.632455532033676,0.547722557505166,0.547722557505166,0.08,0.06,0,0.02,0.98,0.386,0.343,0.156,0.11,0.386,0.343,0.156,0.11,0.386,0.343,0.156,0.11,0.297,0.282,0.093,0.079,0.203087548969429,0.165140217047409
"28",4000,4000,0.632455532033676,0.547722557505166,0.547722557505166,0.08,0.08,0,0.02,0.98,0.452,0.457,0.154,0.158,0.452,0.456,0.154,0.158,0.452,0.457,0.154,0.158,0.359,0.368,0.092,0.101,0.234385770250776,0.183789327688082
"29",4000,4000,0.632455532033676,0.547722557505166,0.547722557505166,0.08,0.1,0,0.02,0.98,0.521,0.574,0.151,0.22,0.521,0.574,0.151,0.22,0.521,0.574,0.151,0.22,0.426,0.46,0.091,0.13,0.266483991532123,0.203238438328756
"30",4000,4000,0.632455532033676,0.547722557505166,0.547722557505166,0.1,0,0,0.02,0.98,0.311,0.132,0.226,0.05,0.311,0.132,0.226,0.05,0.311,0.132,0.226,0.05,0.202,0.128,0.121,0.05,0.146491106406735,0.146491106406735
"31",4000,4000,0.632455532033676,0.547722557505166,0.547722557505166,0.1,0.02,0,0.02,0.98,0.367,0.203,0.221,0.056,0.367,0.203,0.221,0.056,0.367,0.203,0.221,0.056,0.251,0.183,0.119,0.053,0.176189327688082,0.163540217047409
"32",4000,4000,0.632455532033676,0.547722557505166,0.547722557505166,0.1,0.04,0,0.02,0.98,0.428,0.294,0.217,0.076,0.428,0.294,0.217,0.076,0.428,0.294,0.217,0.076,0.308,0.252,0.118,0.063,0.206687548969429,0.181389327688082
"33",4000,4000,0.632455532033676,0.547722557505166,0.547722557505166,0.1,0.06,0,0.02,0.98,0.493,0.402,0.212,0.109,0.493,0.402,0.212,0.109,0.493,0.402,0.212,0.109,0.37,0.333,0.116,0.078,0.237985770250776,0.200038438328756
"34",4000,4000,0.632455532033676,0.547722557505166,0.547722557505166,0.1,0.08,0,0.02,0.98,0.559,0.518,0.208,0.156,0.559,0.518,0.208,0.156,0.559,0.518,0.208,0.156,0.436,0.423,0.114,0.1,0.270083991532123,0.219487548969429
"35",4000,4000,0.632455532033676,0.547722557505166,0.547722557505166,0.1,0.1,0,0.02,0.98,0.625,0.633,0.204,0.217,0.625,0.633,0.204,0.217,0.625,0.633,0.204,0.217,0.504,0.516,0.112,0.127,0.30298221281347,0.239736659610103
"36",4000,4000,0.632455532033676,0.547722557505166,0.547722557505166,0,0,0,0.05,0.95,0.05,0.05,0.05,0.05,0.05,0.05,0.05,0.05,0.05,0.05,0.05,0.05,0.05,0.05,0.05,0.05,-1.11022302462516e-16,-1.11022302462516e-16
"37",4000,4000,0.632455532033676,0.547722557505166,0.547722557505166,0,0.02,0,0.05,0.95,0.058,0.076,0.05,0.068,0.058,0.076,0.05,0.068,0.058,0.076,0.05,0.068,0.06,0.069,0.05,0.059,0.0256982212813468,0.0130491106406734
"38",4000,4000,0.632455532033676,0.547722557505166,0.547722557505166,0,0.04,0,0.05,0.95,0.083,0.159,0.05,0.124,0.083,0.159,0.05,0.124,0.083,0.159,0.05,0.124,0.089,0.127,0.05,0.087,0.052196442562694,0.0268982212813471
"39",4000,4000,0.632455532033676,0.547722557505166,0.547722557505166,0,0.06,0,0.05,0.95,0.128,0.299,0.05,0.219,0.128,0.299,0.05,0.219,0.128,0.299,0.05,0.219,0.14,0.227,0.05,0.134,0.079494663844041,0.0415473319220205
"40",4000,4000,0.632455532033676,0.547722557505166,0.547722557505166,0,0.08,0,0.05,0.95,0.194,0.482,0.05,0.349,0.194,0.482,0.05,0.349,0.194,0.482,0.05,0.349,0.214,0.364,0.05,0.199,0.107592885125388,0.0569964425626939
"41",4000,4000,0.632455532033676,0.547722557505166,0.547722557505166,0,0.1,0,0.05,0.95,0.283,0.67,0.05,0.5,0.283,0.67,0.05,0.5,0.283,0.67,0.05,0.5,0.309,0.52,0.05,0.281,0.136491106406735,0.0732455532033676
"42",4000,4000,0.632455532033676,0.547722557505166,0.547722557505166,0.02,0,0,0.05,0.95,0.078,0.058,0.07,0.05,0.078,0.058,0.07,0.05,0.078,0.058,0.07,0.05,0.066,0.058,0.058,0.05,0.026098221281347,0.026098221281347
"43",4000,4000,0.632455532033676,0.547722557505166,0.547722557505166,0.02,0.02,0,0.05,0.95,0.117,0.115,0.069,0.068,0.117,0.115,0.069,0.068,0.117,0.115,0.069,0.068,0.101,0.102,0.058,0.059,0.0525964425626939,0.0399473319220205
"44",4000,4000,0.632455532033676,0.547722557505166,0.547722557505166,0.02,0.04,0,0.05,0.95,0.175,0.219,0.079,0.123,0.175,0.23,0.069,0.123,0.175,0.23,0.069,0.123,0.157,0.187,0.058,0.086,0.079894663844041,0.0545964425626941
"45",4000,4000,0.632455532033676,0.547722557505166,0.547722557505166,0.02,0.06,0,0.05,0.95,0.252,0.397,0.068,0.216,0.252,0.397,0.068,0.216,0.252,0.397,0.068,0.216,0.235,0.311,0.057,0.132,0.107992885125388,0.0700455532033675
"46",4000,4000,0.632455532033676,0.547722557505166,0.547722557505166,0.02,0.08,0,0.05,0.95,0.349,0.586,0.068,0.344,0.349,0.586,0.068,0.344,0.349,0.586,0.068,0.344,0.332,0.461,0.057,0.195,0.136891106406735,0.0862946638440412
"47",4000,4000,0.632455532033676,0.547722557505166,0.547722557505166,0.02,0.1,0,0.05,0.95,0.459,0.758,0.067,0.493,0.459,0.758,0.067,0.493,0.459,0.758,0.067,0.493,0.443,0.617,0.057,0.275,0.166589327688082,0.103343774484715
"48",4000,4000,0.632455532033676,0.547722557505166,0.547722557505166,0.04,0,0,0.05,0.95,0.163,0.084,0.128,0.05,0.163,0.084,0.128,0.05,0.163,0.084,0.128,0.05,0.115,0.083,0.082,0.05,0.0537964425626938,0.0537964425626938
"49",4000,4000,0.632455532033676,0.547722557505166,0.547722557505166,0.04,0.02,0,0.05,0.95,0.233,0.173,0.125,0.067,0.233,0.173,0.125,0.068,0.233,0.173,0.125,0.067,0.176,0.153,0.081,0.059,0.0810946638440408,0.0684455532033674
"50",4000,4000,0.632455532033676,0.547722557505166,0.547722557505166,0.04,0.04,0,0.05,0.95,0.32,0.318,0.123,0.121,0.32,0.318,0.123,0.121,0.32,0.318,0.123,0.121,0.257,0.262,0.08,0.085,0.109192885125388,0.083894663844041
"51",4000,4000,0.632455532033676,0.547722557505166,0.547722557505166,0.04,0.06,0,0.05,0.95,0.421,0.5,0.122,0.213,0.421,0.5,0.122,0.213,0.421,0.5,0.122,0.213,0.356,0.404,0.079,0.13,0.138091106406735,0.100143774484715
"52",4000,4000,0.632455532033676,0.547722557505166,0.547722557505166,0.04,0.08,0,0.05,0.95,0.53,0.684,0.12,0.339,0.53,0.684,0.12,0.339,0.53,0.684,0.12,0.339,0.466,0.559,0.079,0.191,0.167789327688082,0.117192885125388
"53",4000,4000,0.632455532033676,0.547722557505166,0.547722557505166,0.04,0.1,0,0.05,0.95,0.64,0.831,0.118,0.486,0.64,0.831,0.118,0.486,0.64,0.831,0.118,0.486,0.58,0.704,0.078,0.269,0.198287548969429,0.135041995766061
"54",4000,4000,0.632455532033676,0.547722557505166,0.547722557505166,0.06,0,0,0.05,0.95,0.301,0.127,0.222,0.05,0.301,0.127,0.222,0.05,0.301,0.127,0.222,0.05,0.196,0.123,0.12,0.05,0.0830946638440411,0.0830946638440411
"55",4000,4000,0.632455532033676,0.547722557505166,0.547722557505166,0.06,0.02,0,0.05,0.95,0.394,0.247,0.218,0.067,0.394,0.247,0.218,0.067,0.394,0.247,0.218,0.067,0.28,0.218,0.118,0.059,0.111192885125388,0.0985437744847144
"56",4000,4000,0.632455532033676,0.547722557505166,0.547722557505166,0.06,0.04,0,0.05,0.95,0.496,0.415,0.213,0.12,0.496,0.415,0.213,0.12,0.496,0.415,0.213,0.12,0.38,0.349,0.116,0.084,0.140091106406735,0.114792885125388
"57",4000,4000,0.632455532033676,0.547722557505166,0.547722557505166,0.06,0.06,0,0.05,0.95,0.601,0.602,0.209,0.21,0.601,0.602,0.209,0.21,0.601,0.602,0.209,0.21,0.489,0.5,0.115,0.127,0.169789327688082,0.131841995766062
"58",4000,4000,0.632455532033676,0.547722557505166,0.547722557505166,0.06,0.08,0,0.05,0.95,0.701,0.768,0.205,0.334,0.701,0.768,0.205,0.334,0.701,0.768,0.205,0.334,0.6,0.651,0.113,0.187,0.200287548969429,0.149691106406735
"59",4000,4000,0.632455532033676,0.547722557505166,0.547722557505166,0.06,0.1,0,0.05,0.95,0.79,0.887,0.201,0.479,0.79,0.887,0.201,0.479,0.79,0.887,0.201,0.479,0.704,0.78,0.111,0.263,0.231585770250776,0.168340217047409
"60",4000,4000,0.632455532033676,0.547722557505166,0.547722557505166,0.08,0,0,0.05,0.95,0.473,0.187,0.346,0.05,0.473,0.187,0.346,0.05,0.473,0.187,0.346,0.05,0.304,0.18,0.172,0.05,0.113992885125388,0.113992885125388
"61",4000,4000,0.632455532033676,0.547722557505166,0.547722557505166,0.08,0.02,0,0.05,0.95,0.572,0.335,0.339,0.067,0.572,0.335,0.339,0.067,0.572,0.335,0.339,0.067,0.405,0.298,0.168,0.058,0.142891106406735,0.130241995766061
"62",4000,4000,0.632455532033676,0.547722557505166,0.547722557505166,0.08,0.04,0,0.05,0.95,0.669,0.517,0.331,0.119,0.669,0.517,0.331,0.119,0.669,0.517,0.331,0.119,0.513,0.442,0.165,0.083,0.172589327688082,0.147291106406735
"63",4000,4000,0.632455532033676,0.547722557505166,0.547722557505166,0.08,0.06,0,0.05,0.95,0.758,0.696,0.324,0.207,0.758,0.696,0.324,0.207,0.758,0.696,0.324,0.207,0.621,0.595,0.163,0.125,0.203087548969429,0.165140217047409
"64",4000,4000,0.632455532033676,0.547722557505166,0.547722557505166,0.08,0.08,0,0.05,0.95,0.834,0.838,0.317,0.328,0.834,0.838,0.317,0.328,0.834,0.838,0.317,0.328,0.72,0.733,0.16,0.184,0.234385770250776,0.183789327688082
"65",4000,4000,0.632455532033676,0.547722557505166,0.547722557505166,0.08,0.1,0,0.05,0.95,0.893,0.927,0.31,0.471,0.893,0.927,0.31,0.471,0.893,0.927,0.31,0.471,0.805,0.842,0.157,0.257,0.266483991532123,0.203238438328756
"66",4000,4000,0.632455532033676,0.547722557505166,0.547722557505166,0.1,0,0,0.05,0.95,0.646,0.263,0.485,0.05,0.646,0.263,0.485,0.05,0.646,0.263,0.485,0.05,0.43,0.251,0.235,0.05,0.146491106406735,0.146491106406735
"67",4000,4000,0.632455532033676,0.547722557505166,0.547722557505166,0.1,0.02,0,0.05,0.95,0.732,0.432,0.475,0.067,0.732,0.432,0.475,0.067,0.732,0.432,0.475,0.067,0.537,0.386,0.23,0.058,0.176189327688082,0.163540217047409
"68",4000,4000,0.632455532033676,0.547722557505166,0.547722557505166,0.1,0.04,0,0.05,0.95,0.809,0.616,0.465,0.117,0.809,0.616,0.465,0.117,0.809,0.616,0.465,0.117,0.641,0.537,0.226,0.082,0.206687548969429,0.181389327688082
"69",4000,4000,0.632455532033676,0.547722557505166,0.547722557505166,0.1,0.06,0,0.05,0.95,0.871,0.777,0.455,0.204,0.871,0.777,0.455,0.204,0.871,0.777,0.455,0.204,0.736,0.682,0.221,0.123,0.237985770250776,0.200038438328756
"70",4000,4000,0.632455532033676,0.547722557505166,0.547722557505166,0.1,0.08,0,0.05,0.95,0.919,0.891,0.446,0.323,0.919,0.891,0.446,0.323,0.919,0.891,0.446,0.323,0.817,0.802,0.217,0.18,0.270083991532123,0.219487548969429
"71",4000,4000,0.632455532033676,0.547722557505166,0.547722557505166,0.1,0.1,0,0.05,0.95,0.952,0.956,0.437,0.464,0.952,0.956,0.437,0.464,0.952,0.956,0.437,0.464,0.88,0.89,0.213,0.251,0.30298221281347,0.239736659610103
"72",4000,4000,0.632455532033676,0.547722557505166,0.547722557505166,0,0,0,0.1,0.9,0.05,0.05,0.05,0.05,0.05,0.05,0.05,0.05,0.05,0.05,0.05,0.05,0.05,0.05,0.05,0.05,-1.11022302462516e-16,-1.11022302462516e-16
"73",4000,4000,0.632455532033676,0.547722557505166,0.547722557505166,0,0.02,0,0.1,0.9,0.066,0.104,0.05,0.087,0.066,0.104,0.05,0.087,0.066,0.104,0.05,0.087,0.07,0.089,0.05,0.069,0.0256982212813468,0.0130491106406734
"74",4000,4000,0.632455532033676,0.547722557505166,0.547722557505166,0,0.04,0,0.1,0.9,0.118,0.275,0.05,0.204,0.118,0.275,0.05,0.204,0.118,0.275,0.05,0.204,0.131,0.211,0.05,0.127,0.052196442562694,0.0268982212813471
"75",4000,4000,0.632455532033676,0.547722557505166,0.547722557505166,0,0.06,0,0.1,0.9,0.211,0.535,0.05,0.394,0.211,0.535,0.05,0.394,0.211,0.535,0.05,0.394,0.237,0.409,0.05,0.225,0.079494663844041,0.0415473319220205
"76",4000,4000,0.632455532033676,0.547722557505166,0.547722557505166,0,0.08,0,0.1,0.9,0.345,0.781,0.05,0.614,0.345,0.781,0.05,0.614,0.345,0.781,0.05,0.614,0.384,0.634,0.05,0.356,0.107592885125388,0.0569964425626939
"77",4000,4000,0.632455532033676,0.547722557505166,0.547722557505166,0,0.1,0,0.1,0.9,0.505,0.929,0.05,0.8,0.505,0.929,0.05,0.8,0.505,0.929,0.05,0.8,0.55,0.819,0.05,0.506,0.136491106406735,0.0732455532033676
"78",4000,4000,0.632455532033676,0.547722557505166,0.547722557505166,0.02,0,0,0.1,0.9,0.108,0.067,0.09,0.05,0.108,0.067,0.09,0.05,0.108,0.067,0.09,0.05,0.084,0.067,0.067,0.05,0.026098221281347,0.026098221281347
"79",4000,4000,0.632455532033676,0.547722557505166,0.547722557505166,0.02,0.02,0,0.1,0.9,0.189,0.186,0.089,0.087,0.189,0.186,0.089,0.087,0.189,0.186,0.089,0.087,0.156,0.159,0.066,0.069,0.0525964425626939,0.0399473319220205
"80",4000,4000,0.632455532033676,0.547722557505166,0.547722557505166,0.02,0.04,0,0.1,0.9,0.307,0.415,0.088,0.202,0.307,0.415,0.088,0.201,0.307,0.415,0.088,0.201,0.272,0.332,0.066,0.125,0.079894663844041,0.0545964425626941
"81",4000,4000,0.632455532033676,0.547722557505166,0.547722557505166,0.02,0.06,0,0.1,0.9,0.454,0.68,0.087,0.388,0.454,0.68,0.087,0.388,0.454,0.68,0.087,0.388,0.423,0.554,0.065,0.22,0.107992885125388,0.0700455532033675
"82",4000,4000,0.632455532033676,0.547722557505166,0.547722557505166,0.02,0.08,0,0.1,0.9,0.611,0.875,0.086,0.606,0.611,0.875,0.086,0.606,0.611,0.875,0.086,0.606,0.587,0.759,0.065,0.349,0.136891106406735,0.0862946638440412
"83",4000,4000,0.632455532033676,0.547722557505166,0.547722557505166,0.02,0.1,0,0.1,0.9,0.755,0.967,0.085,0.794,0.755,0.967,0.085,0.794,0.755,0.967,0.085,0.794,0.737,0.897,0.065,0.496,0.166589327688082,0.103343774484715
"84",4000,4000,0.632455532033676,0.547722557505166,0.547722557505166,0.04,0,0,0.1,0.9,0.285,0.12,0.212,0.05,0.285,0.12,0.212,0.05,0.285,0.121,0.212,0.05,0.186,0.118,0.116,0.05,0.0537964425626938,0.0537964425626938
"85",4000,4000,0.632455532033676,0.547722557505166,0.547722557505166,0.04,0.02,0,0.1,0.9,0.419,0.304,0.208,0.086,0.419,0.304,0.208,0.086,0.419,0.304,0.208,0.086,0.31,0.263,0.114,0.068,0.0810946638440408,0.0684455532033674
"86",4000,4000,0.632455532033676,0.547722557505166,0.547722557505166,0.04,0.04,0,0.1,0.9,0.568,0.564,0.204,0.199,0.568,0.564,0.204,0.199,0.568,0.564,0.204,0.199,0.463,0.472,0.112,0.123,0.109192885125388,0.083894663844041
"87",4000,4000,0.632455532033676,0.547722557505166,0.547722557505166,0.04,0.06,0,0.1,0.9,0.711,0.8,0.2,0.383,0.711,0.8,0.2,0.383,0.711,0.8,0.2,0.383,0.622,0.689,0.111,0.216,0.138091106406735,0.100143774484715
"88",4000,4000,0.632455532033676,0.547722557505166,0.547722557505166,0.04,0.08,0,0.1,0.9,0.829,0.936,0.196,0.599,0.829,0.936,0.196,0.599,0.829,0.936,0.196,0.599,0.764,0.854,0.109,0.341,0.167789327688082,0.117192885125388
"89",4000,4000,0.632455532033676,0.547722557505166,0.547722557505166,0.04,0.1,0,0.1,0.9,0.911,0.986,0.192,0.786,0.911,0.986,0.192,0.786,0.911,0.986,0.192,0.786,0.871,0.946,0.108,0.485,0.198287548969429,0.135041995766061
"90",4000,4000,0.632455532033676,0.547722557505166,0.547722557505166,0.06,0,0,0.1,0.9,0.54,0.21,0.401,0.05,0.54,0.21,0.401,0.05,0.54,0.21,0.401,0.05,0.35,0.203,0.196,0.05,0.0830946638440411,0.0830946638440411
"91",4000,4000,0.632455532033676,0.547722557505166,0.547722557505166,0.06,0.02,0,0.1,0.9,0.677,0.445,0.392,0.086,0.677,0.445,0.392,0.086,0.677,0.445,0.392,0.086,0.503,0.393,0.192,0.068,0.111192885125388,0.0985437744847144
"92",4000,4000,0.632455532033676,0.547722557505166,0.547722557505166,0.06,0.04,0,0.1,0.9,0.797,0.704,0.384,0.196,0.797,0.704,0.384,0.196,0.797,0.704,0.384,0.196,0.657,0.613,0.189,0.121,0.140091106406735,0.114792885125388
"93",4000,4000,0.632455532033676,0.547722557505166,0.547722557505166,0.06,0.06,0,0.1,0.9,0.887,0.887,0.376,0.377,0.887,0.887,0.376,0.377,0.887,0.887,0.376,0.377,0.79,0.8,0.185,0.211,0.169789327688082,0.131841995766062
"94",4000,4000,0.632455532033676,0.547722557505166,0.547722557505166,0.06,0.08,0,0.1,0.9,0.945,0.971,0.368,0.591,0.945,0.971,0.368,0.591,0.945,0.971,0.368,0.591,0.886,0.919,0.182,0.334,0.200287548969429,0.149691106406735
"95",4000,4000,0.632455532033676,0.547722557505166,0.547722557505166,0.06,0.1,0,0.1,0.9,0.977,0.995,0.36,0.779,0.977,0.995,0.36,0.779,0.977,0.995,0.36,0.779,0.946,0.974,0.179,0.475,0.231585770250776,0.168340217047409
"96",4000,4000,0.632455532033676,0.547722557505166,0.547722557505166,0.08,0,0,0.1,0.9,0.774,0.332,0.61,0.05,0.774,0.332,0.61,0.05,0.774,0.332,0.61,0.05,0.544,0.318,0.302,0.05,0.113992885125388,0.113992885125388
"97",4000,4000,0.632455532033676,0.547722557505166,0.547722557505166,0.08,0.02,0,0.1,0.9,0.866,0.592,0.6,0.085,0.866,0.592,0.6,0.085,0.866,0.592,0.6,0.085,0.691,0.533,0.296,0.067,0.142891106406735,0.130241995766061
"98",4000,4000,0.632455532033676,0.547722557505166,0.547722557505166,0.08,0.04,0,0.1,0.9,0.929,0.817,0.589,0.193,0.929,0.817,0.589,0.193,0.929,0.817,0.589,0.193,0.813,0.737,0.29,0.119,0.172589327688082,0.147291106406735
"99",4000,4000,0.632455532033676,0.547722557505166,0.547722557505166,0.08,0.06,0,0.1,0.9,0.968,0.942,0.578,0.372,0.968,0.942,0.578,0.372,0.968,0.942,0.578,0.371,0.9,0.882,0.284,0.207,0.203087548969429,0.165140217047409
"100",4000,4000,0.632455532033676,0.547722557505166,0.547722557505166,0.08,0.08,0,0.1,0.9,0.987,0.988,0.567,0.583,0.987,0.988,0.567,0.583,0.987,0.988,0.567,0.583,0.953,0.958,0.279,0.326,0.234385770250776,0.183789327688082
"101",4000,4000,0.632455532033676,0.547722557505166,0.547722557505166,0.08,0.1,0,0.1,0.9,0.996,0.998,0.557,0.771,0.996,0.998,0.557,0.771,0.996,0.998,0.557,0.771,0.981,0.989,0.273,0.464,0.266483991532123,0.203238438328756
"102",4000,4000,0.632455532033676,0.547722557505166,0.547722557505166,0.1,0,0,0.1,0.9,0.917,0.474,0.787,0.05,0.917,0.474,0.787,0.05,0.917,0.474,0.787,0.05,0.724,0.453,0.424,0.05,0.146491106406735,0.146491106406735
"103",4000,4000,0.632455532033676,0.547722557505166,0.547722557505166,0.1,0.02,0,0.1,0.9,0.959,0.725,0.776,0.084,0.959,0.725,0.776,0.084,0.959,0.725,0.776,0.084,0.836,0.667,0.416,0.067,0.176189327688082,0.163540217047409
"104",4000,4000,0.632455532033676,0.547722557505166,0.547722557505166,0.1,0.04,0,0.1,0.9,0.982,0.897,0.766,0.191,0.982,0.897,0.766,0.191,0.982,0.897,0.766,0.191,0.913,0.836,0.408,0.117,0.206687548969429,0.181389327688082
"105",4000,4000,0.632455532033676,0.547722557505166,0.547722557505166,0.1,0.06,0,0.1,0.9,0.993,0.973,0.755,0.366,0.993,0.973,0.755,0.366,0.993,0.973,0.755,0.366,0.96,0.936,0.4,0.203,0.237985770250776,0.200038438328756
"106",4000,4000,0.632455532033676,0.547722557505166,0.547722557505166,0.1,0.08,0,0.1,0.9,0.998,0.995,0.745,0.575,0.998,0.995,0.745,0.575,0.998,0.995,0.745,0.575,0.984,0.98,0.392,0.318,0.270083991532123,0.219487548969429
"107",4000,4000,0.632455532033676,0.547722557505166,0.547722557505166,0.1,0.1,0,0.1,0.9,0.999,0.999,0.734,0.763,0.999,0.999,0.734,0.763,0.999,0.999,0.734,0.763,0.994,0.995,0.384,0.454,0.30298221281347,0.239736659610103
"108",4000,4000,0.632455532033676,0.547722557505166,0.547722557505166,0,0,0,0.15,0.85,0.05,0.05,0.05,0.05,0.05,0.05,0.05,0.05,0.05,0.05,0.05,0.05,0.05,0.05,0.05,0.05,-1.11022302462516e-16,-1.11022302462516e-16
"109",4000,4000,0.632455532033676,0.547722557505166,0.547722557505166,0,0.02,0,0.15,0.85,0.075,0.134,0.05,0.108,0.075,0.134,0.05,0.108,0.075,0.134,0.05,0.108,0.08,0.11,0.05,0.079,0.0256982212813468,0.0130491106406734
"110",4000,4000,0.632455532033676,0.547722557505166,0.547722557505166,0,0.04,0,0.15,0.85,0.156,0.392,0.05,0.288,0.156,0.392,0.05,0.288,0.156,0.392,0.05,0.288,0.175,0.298,0.05,0.17,0.052196442562694,0.0268982212813471
"111",4000,4000,0.632455532033676,0.547722557505166,0.547722557505166,0,0.06,0,0.15,0.85,0.297,0.717,0.05,0.553,0.297,0.717,0.05,0.553,0.297,0.717,0.05,0.553,0.337,0.571,0.05,0.319,0.079494663844041,0.0415473319220205
"112",4000,4000,0.632455532033676,0.547722557505166,0.547722557505166,0,0.08,0,0.15,0.85,0.486,0.923,0.05,0.795,0.486,0.923,0.05,0.795,0.486,0.923,0.05,0.795,0.539,0.813,0.05,0.504,0.107592885125388,0.0569964425626939
"113",4000,4000,0.632455532033676,0.547722557505166,0.547722557505166,0,0.1,0,0.15,0.85,0.682,0.989,0.05,0.935,0.682,0.989,0.05,0.935,0.682,0.989,0.05,0.935,0.732,0.945,0.05,0.687,0.136491106406735,0.0732455532033676
"114",4000,4000,0.632455532033676,0.547722557505166,0.547722557505166,0.02,0,0,0.15,0.85,0.141,0.077,0.113,0.05,0.141,0.077,0.113,0.05,0.141,0.077,0.113,0.05,0.102,0.076,0.076,0.05,0.026098221281347,0.026098221281347
"115",4000,4000,0.632455532033676,0.547722557505166,0.547722557505166,0.02,0.02,0,0.15,0.85,0.265,0.261,0.111,0.107,0.265,0.261,0.111,0.107,0.265,0.261,0.111,0.107,0.215,0.219,0.075,0.079,0.0525964425626939,0.0399473319220205
"116",4000,4000,0.632455532033676,0.547722557505166,0.547722557505166,0.02,0.04,0,0.15,0.85,0.437,0.579,0.11,0.284,0.437,0.579,0.11,0.284,0.437,0.579,0.11,0.284,0.388,0.471,0.074,0.167,0.079894663844041,0.0545964425626941
"117",4000,4000,0.632455532033676,0.547722557505166,0.547722557505166,0.02,0.06,0,0.15,0.85,0.626,0.852,0.108,0.547,0.626,0.852,0.108,0.547,0.626,0.852,0.108,0.547,0.589,0.737,0.074,0.312,0.107992885125388,0.0700455532033675
"118",4000,4000,0.632455532033676,0.547722557505166,0.547722557505166,0.02,0.08,0,0.15,0.85,0.792,0.971,0.107,0.789,0.792,0.971,0.107,0.789,0.792,0.971,0.107,0.789,0.769,0.909,0.073,0.495,0.136891106406735,0.0862946638440412
"119",4000,4000,0.632455532033676,0.547722557505166,0.547722557505166,0.02,0.1,0,0.15,0.85,0.906,0.997,0.105,0.931,0.906,0.997,0.105,0.931,0.906,0.997,0.105,0.931,0.894,0.979,0.073,0.676,0.166589327688082,0.103343774484715
"120",4000,4000,0.632455532033676,0.547722557505166,0.547722557505166,0.04,0,0,0.15,0.85,0.407,0.159,0.3,0.05,0.407,0.159,0.3,0.05,0.407,0.159,0.3,0.05,0.26,0.155,0.152,0.05,0.0537964425626938,0.0537964425626938
"121",4000,4000,0.632455532033676,0.547722557505166,0.547722557505166,0.04,0.02,0,0.15,0.85,0.586,0.432,0.294,0.106,0.586,0.432,0.294,0.106,0.586,0.432,0.294,0.106,0.441,0.375,0.149,0.078,0.0810946638440408,0.0684455532033674
"122",4000,4000,0.632455532033676,0.547722557505166,0.547722557505166,0.04,0.04,0,0.15,0.85,0.752,0.748,0.288,0.28,0.752,0.748,0.288,0.28,0.752,0.748,0.288,0.28,0.637,0.648,0.147,0.164,0.109192885125388,0.083894663844041
"123",4000,4000,0.632455532033676,0.547722557505166,0.547722557505166,0.04,0.06,0,0.15,0.85,0.876,0.934,0.282,0.54,0.876,0.934,0.282,0.54,0.876,0.934,0.282,0.54,0.803,0.859,0.145,0.306,0.138091106406735,0.100143774484715
"124",4000,4000,0.632455532033676,0.547722557505166,0.547722557505166,0.04,0.08,0,0.15,0.85,0.949,0.991,0.277,0.782,0.949,0.991,0.277,0.782,0.949,0.991,0.277,0.782,0.913,0.962,0.143,0.485,0.167789327688082,0.117192885125388
"125",4000,4000,0.632455532033676,0.547722557505166,0.547722557505166,0.04,0.1,0,0.15,0.85,0.984,0.999,0.271,0.927,0.984,0.999,0.271,0.927,0.984,0.999,0.271,0.927,0.969,0.993,0.14,0.664,0.198287548969429,0.135041995766061
"126",4000,4000,0.632455532033676,0.547722557505166,0.547722557505166,0.06,0,0,0.15,0.85,0.724,0.297,0.563,0.05,0.724,0.297,0.563,0.05,0.724,0.297,0.563,0.05,0.496,0.286,0.276,0.05,0.0830946638440411,0.0830946638440411
"127",4000,4000,0.632455532033676,0.547722557505166,0.547722557505166,0.06,0.02,0,0.15,0.85,0.851,0.616,0.553,0.105,0.851,0.616,0.553,0.105,0.851,0.616,0.553,0.105,0.684,0.552,0.27,0.077,0.111192885125388,0.0985437744847144
"128",4000,4000,0.632455532033676,0.547722557505166,0.547722557505166,0.06,0.04,0,0.15,0.85,0.933,0.871,0.543,0.276,0.933,0.871,0.543,0.276,0.933,0.871,0.543,0.276,0.834,0.795,0.265,0.161,0.140091106406735,0.114792885125388
"129",4000,4000,0.632455532033676,0.547722557505166,0.547722557505166,0.06,0.06,0,0.15,0.85,0.975,0.975,0.533,0.533,0.975,0.975,0.533,0.533,0.975,0.975,0.533,0.533,0.929,0.935,0.26,0.299,0.169789327688082,0.131841995766062
"130",4000,4000,0.632455532033676,0.547722557505166,0.547722557505166,0.06,0.08,0,0.15,0.85,0.993,0.997,0.523,0.775,0.993,0.997,0.523,0.775,0.993,0.997,0.523,0.775,0.975,0.986,0.255,0.475,0.200287548969429,0.149691106406735
"131",4000,4000,0.632455532033676,0.547722557505166,0.547722557505166,0.06,0.1,0,0.15,0.85,0.998,1,0.513,0.923,0.998,1,0.513,0.923,0.998,1,0.513,0.923,0.993,0.998,0.25,0.653,0.231585770250776,0.168340217047409
"132",4000,4000,0.632455532033676,0.547722557505166,0.547722557505166,0.08,0,0,0.15,0.85,0.92,0.472,0.794,0.05,0.92,0.472,0.794,0.05,0.92,0.472,0.794,0.05,0.728,0.453,0.431,0.05,0.113992885125388,0.113992885125388
"133",4000,4000,0.632455532033676,0.547722557505166,0.547722557505166,0.08,0.02,0,0.15,0.85,0.967,0.774,0.785,0.104,0.967,0.775,0.785,0.104,0.967,0.775,0.785,0.104,0.862,0.716,0.423,0.077,0.142891106406735,0.130241995766061
"134",4000,4000,0.632455532033676,0.547722557505166,0.547722557505166,0.08,0.04,0,0.15,0.85,0.989,0.944,0.775,0.272,0.989,0.944,0.775,0.272,0.989,0.944,0.775,0.272,0.942,0.895,0.415,0.158,0.172589327688082,0.147291106406735
"135",4000,4000,0.632455532033676,0.547722557505166,0.547722557505166,0.08,0.06,0,0.15,0.85,0.997,0.992,0.764,0.525,0.997,0.992,0.764,0.525,0.997,0.992,0.764,0.525,0.98,0.974,0.407,0.293,0.203087548969429,0.165140217047409
"136",4000,4000,0.632455532033676,0.547722557505166,0.547722557505166,0.08,0.08,0,0.15,0.85,0.999,0.999,0.754,0.767,0.999,0.999,0.754,0.767,0.999,0.999,0.754,0.767,0.995,0.996,0.399,0.465,0.234385770250776,0.183789327688082
"137",4000,4000,0.632455532033676,0.547722557505166,0.547722557505166,0.08,0.1,0,0.15,0.85,1,1,0.744,0.918,1,1,0.744,0.918,1,1,0.744,0.918,0.999,0.999,0.391,0.641,0.266483991532123,0.203238438328756
"138",4000,4000,0.632455532033676,0.547722557505166,0.547722557505166,0.1,0,0,0.15,0.85,0.986,0.651,0.928,0.05,0.986,0.651,0.928,0.05,0.986,0.651,0.928,0.05,0.886,0.626,0.593,0.05,0.146491106406735,0.146491106406735
"139",4000,4000,0.632455532033676,0.547722557505166,0.547722557505166,0.1,0.02,0,0.15,0.85,0.996,0.887,0.922,0.103,0.996,0.887,0.922,0.103,0.996,0.887,0.922,0.103,0.954,0.842,0.583,0.076,0.176189327688082,0.163540217047409
"140",4000,4000,0.632455532033676,0.547722557505166,0.547722557505166,0.1,0.04,0,0.15,0.85,0.999,0.979,0.916,0.268,0.999,0.979,0.916,0.268,0.999,0.979,0.916,0.268,0.985,0.954,0.573,0.155,0.206687548969429,0.181389327688082
"141",4000,4000,0.632455532033676,0.547722557505166,0.547722557505166,0.1,0.06,0,0.15,0.85,1,0.998,0.909,0.518,1,0.998,0.909,0.518,1,0.998,0.909,0.518,0.996,0.991,0.563,0.286,0.237985770250776,0.200038438328756
"142",4000,4000,0.632455532033676,0.547722557505166,0.547722557505166,0.1,0.08,0,0.15,0.85,1,1,0.903,0.76,1,1,0.903,0.76,1,1,0.903,0.76,0.999,0.999,0.553,0.455,0.270083991532123,0.219487548969429
"143",4000,4000,0.632455532033676,0.547722557505166,0.547722557505166,0.1,0.1,0,0.15,0.85,1,1,0.895,0.913,1,1,0.895,0.913,1,1,0.895,0.913,1,1,0.544,0.629,0.30298221281347,0.239736659610103
"144",4000,4000,0.632455532033676,0.547722557505166,0.547722557505166,0,0,0,0.15,0.85,0.05,0.05,0.05,0.05,0.05,0.05,0.05,0.05,0.05,0.05,0.05,0.05,0.05,0.05,0.05,0.05,-1.11022302462516e-16,-1.11022302462516e-16
"145",4000,4000,0.632455532033676,0.547722557505166,0.547722557505166,0,0.02,0,0.15,0.85,0.075,0.134,0.05,0.108,0.075,0.134,0.05,0.108,0.075,0.134,0.05,0.108,0.08,0.11,0.05,0.079,0.0256982212813468,0.0130491106406734
"146",4000,4000,0.632455532033676,0.547722557505166,0.547722557505166,0,0.04,0,0.15,0.85,0.156,0.392,0.05,0.288,0.156,0.392,0.05,0.288,0.156,0.392,0.05,0.288,0.175,0.298,0.05,0.17,0.052196442562694,0.0268982212813471
"147",4000,4000,0.632455532033676,0.547722557505166,0.547722557505166,0,0.06,0,0.15,0.85,0.297,0.717,0.05,0.553,0.297,0.717,0.05,0.553,0.297,0.717,0.05,0.553,0.337,0.571,0.05,0.319,0.079494663844041,0.0415473319220205
"148",4000,4000,0.632455532033676,0.547722557505166,0.547722557505166,0,0.08,0,0.15,0.85,0.486,0.923,0.05,0.795,0.486,0.923,0.05,0.795,0.486,0.923,0.05,0.795,0.539,0.813,0.05,0.504,0.107592885125388,0.0569964425626939
"149",4000,4000,0.632455532033676,0.547722557505166,0.547722557505166,0,0.1,0,0.15,0.85,0.682,0.989,0.05,0.935,0.682,0.989,0.05,0.935,0.682,0.989,0.05,0.935,0.732,0.945,0.05,0.687,0.136491106406735,0.0732455532033676
"150",4000,4000,0.632455532033676,0.547722557505166,0.547722557505166,0.02,0,0,0.15,0.85,0.141,0.077,0.113,0.05,0.141,0.077,0.113,0.05,0.141,0.077,0.113,0.05,0.102,0.076,0.076,0.05,0.026098221281347,0.026098221281347
"151",4000,4000,0.632455532033676,0.547722557505166,0.547722557505166,0.02,0.02,0,0.15,0.85,0.265,0.261,0.111,0.107,0.265,0.261,0.111,0.107,0.265,0.261,0.111,0.107,0.215,0.219,0.075,0.079,0.0525964425626939,0.0399473319220205
"152",4000,4000,0.632455532033676,0.547722557505166,0.547722557505166,0.02,0.04,0,0.15,0.85,0.437,0.579,0.11,0.284,0.437,0.579,0.11,0.284,0.437,0.579,0.11,0.284,0.388,0.471,0.074,0.167,0.079894663844041,0.0545964425626941
"153",4000,4000,0.632455532033676,0.547722557505166,0.547722557505166,0.02,0.06,0,0.15,0.85,0.626,0.852,0.108,0.547,0.626,0.852,0.108,0.547,0.626,0.852,0.108,0.547,0.589,0.737,0.074,0.312,0.107992885125388,0.0700455532033675
"154",4000,4000,0.632455532033676,0.547722557505166,0.547722557505166,0.02,0.08,0,0.15,0.85,0.792,0.971,0.107,0.789,0.792,0.971,0.107,0.789,0.792,0.971,0.107,0.789,0.769,0.909,0.073,0.495,0.136891106406735,0.0862946638440412
"155",4000,4000,0.632455532033676,0.547722557505166,0.547722557505166,0.02,0.1,0,0.15,0.85,0.906,0.997,0.105,0.931,0.906,0.997,0.105,0.931,0.906,0.997,0.105,0.931,0.894,0.979,0.073,0.676,0.166589327688082,0.103343774484715
"156",4000,4000,0.632455532033676,0.547722557505166,0.547722557505166,0.04,0,0,0.15,0.85,0.407,0.159,0.3,0.05,0.407,0.159,0.3,0.05,0.407,0.159,0.3,0.05,0.26,0.155,0.152,0.05,0.0537964425626938,0.0537964425626938
"157",4000,4000,0.632455532033676,0.547722557505166,0.547722557505166,0.04,0.02,0,0.15,0.85,0.586,0.432,0.294,0.106,0.586,0.432,0.294,0.106,0.586,0.432,0.294,0.106,0.441,0.375,0.149,0.078,0.0810946638440408,0.0684455532033674
"158",4000,4000,0.632455532033676,0.547722557505166,0.547722557505166,0.04,0.04,0,0.15,0.85,0.752,0.748,0.288,0.28,0.752,0.748,0.288,0.28,0.752,0.748,0.288,0.28,0.637,0.648,0.147,0.164,0.109192885125388,0.083894663844041
"159",4000,4000,0.632455532033676,0.547722557505166,0.547722557505166,0.04,0.06,0,0.15,0.85,0.876,0.934,0.282,0.54,0.876,0.934,0.282,0.54,0.876,0.934,0.282,0.54,0.803,0.859,0.145,0.306,0.138091106406735,0.100143774484715
"160",4000,4000,0.632455532033676,0.547722557505166,0.547722557505166,0.04,0.08,0,0.15,0.85,0.949,0.991,0.277,0.782,0.949,0.991,0.277,0.782,0.949,0.991,0.277,0.782,0.913,0.962,0.143,0.485,0.167789327688082,0.117192885125388
"161",4000,4000,0.632455532033676,0.547722557505166,0.547722557505166,0.04,0.1,0,0.15,0.85,0.984,0.999,0.271,0.927,0.984,0.999,0.271,0.927,0.984,0.999,0.271,0.927,0.969,0.993,0.14,0.664,0.198287548969429,0.135041995766061
"162",4000,4000,0.632455532033676,0.547722557505166,0.547722557505166,0.06,0,0,0.15,0.85,0.724,0.297,0.563,0.05,0.724,0.297,0.563,0.05,0.724,0.297,0.563,0.05,0.496,0.286,0.276,0.05,0.0830946638440411,0.0830946638440411
"163",4000,4000,0.632455532033676,0.547722557505166,0.547722557505166,0.06,0.02,0,0.15,0.85,0.851,0.616,0.553,0.105,0.851,0.616,0.553,0.105,0.851,0.616,0.553,0.105,0.684,0.552,0.27,0.077,0.111192885125388,0.0985437744847144
"164",4000,4000,0.632455532033676,0.547722557505166,0.547722557505166,0.06,0.04,0,0.15,0.85,0.933,0.871,0.543,0.276,0.933,0.871,0.543,0.276,0.933,0.871,0.543,0.276,0.834,0.795,0.265,0.161,0.140091106406735,0.114792885125388
"165",4000,4000,0.632455532033676,0.547722557505166,0.547722557505166,0.06,0.06,0,0.15,0.85,0.975,0.975,0.533,0.533,0.975,0.975,0.533,0.533,0.975,0.975,0.533,0.533,0.929,0.935,0.26,0.299,0.169789327688082,0.131841995766062
"166",4000,4000,0.632455532033676,0.547722557505166,0.547722557505166,0.06,0.08,0,0.15,0.85,0.993,0.997,0.523,0.775,0.993,0.997,0.523,0.775,0.993,0.997,0.523,0.775,0.975,0.986,0.255,0.475,0.200287548969429,0.149691106406735
"167",4000,4000,0.632455532033676,0.547722557505166,0.547722557505166,0.06,0.1,0,0.15,0.85,0.998,1,0.513,0.923,0.998,1,0.513,0.923,0.998,1,0.513,0.923,0.993,0.998,0.25,0.653,0.231585770250776,0.168340217047409
"168",4000,4000,0.632455532033676,0.547722557505166,0.547722557505166,0.08,0,0,0.15,0.85,0.92,0.472,0.794,0.05,0.92,0.472,0.794,0.05,0.92,0.472,0.794,0.05,0.728,0.453,0.431,0.05,0.113992885125388,0.113992885125388
"169",4000,4000,0.632455532033676,0.547722557505166,0.547722557505166,0.08,0.02,0,0.15,0.85,0.967,0.774,0.785,0.104,0.967,0.775,0.785,0.104,0.967,0.775,0.785,0.104,0.862,0.716,0.423,0.077,0.142891106406735,0.130241995766061
"170",4000,4000,0.632455532033676,0.547722557505166,0.547722557505166,0.08,0.04,0,0.15,0.85,0.989,0.944,0.775,0.272,0.989,0.944,0.775,0.272,0.989,0.944,0.775,0.272,0.942,0.895,0.415,0.158,0.172589327688082,0.147291106406735
"171",4000,4000,0.632455532033676,0.547722557505166,0.547722557505166,0.08,0.06,0,0.15,0.85,0.997,0.992,0.764,0.525,0.997,0.992,0.764,0.525,0.997,0.992,0.764,0.525,0.98,0.974,0.407,0.293,0.203087548969429,0.165140217047409
"172",4000,4000,0.632455532033676,0.547722557505166,0.547722557505166,0.08,0.08,0,0.15,0.85,0.999,0.999,0.754,0.767,0.999,0.999,0.754,0.767,0.999,0.999,0.754,0.767,0.995,0.996,0.399,0.465,0.234385770250776,0.183789327688082
"173",4000,4000,0.632455532033676,0.547722557505166,0.547722557505166,0.08,0.1,0,0.15,0.85,1,1,0.744,0.918,1,1,0.744,0.918,1,1,0.744,0.918,0.999,0.999,0.391,0.641,0.266483991532123,0.203238438328756
"174",4000,4000,0.632455532033676,0.547722557505166,0.547722557505166,0.1,0,0,0.15,0.85,0.986,0.651,0.928,0.05,0.986,0.651,0.928,0.05,0.986,0.651,0.928,0.05,0.886,0.626,0.593,0.05,0.146491106406735,0.146491106406735
"175",4000,4000,0.632455532033676,0.547722557505166,0.547722557505166,0.1,0.02,0,0.15,0.85,0.996,0.887,0.922,0.103,0.996,0.887,0.922,0.103,0.996,0.887,0.922,0.103,0.954,0.842,0.583,0.076,0.176189327688082,0.163540217047409
"176",4000,4000,0.632455532033676,0.547722557505166,0.547722557505166,0.1,0.04,0,0.15,0.85,0.999,0.979,0.916,0.268,0.999,0.979,0.916,0.268,0.999,0.979,0.916,0.268,0.985,0.954,0.573,0.155,0.206687548969429,0.181389327688082
"177",4000,4000,0.632455532033676,0.547722557505166,0.547722557505166,0.1,0.06,0,0.15,0.85,1,0.998,0.909,0.518,1,0.998,0.909,0.518,1,0.998,0.909,0.518,0.996,0.991,0.563,0.286,0.237985770250776,0.200038438328756
"178",4000,4000,0.632455532033676,0.547722557505166,0.547722557505166,0.1,0.08,0,0.15,0.85,1,1,0.903,0.76,1,1,0.903,0.76,1,1,0.903,0.76,0.999,0.999,0.553,0.455,0.270083991532123,0.219487548969429
"179",4000,4000,0.632455532033676,0.547722557505166,0.547722557505166,0.1,0.1,0,0.15,0.85,1,1,0.895,0.913,1,1,0.895,0.913,1,1,0.895,0.913,1,1,0.544,0.629,0.30298221281347,0.239736659610103
"180",4000,4000,0.632455532033676,0.547722557505166,0.547722557505166,0,0,0,0.15,0.85,0.05,0.05,0.05,0.05,0.05,0.05,0.05,0.05,0.05,0.05,0.05,0.05,0.05,0.05,0.05,0.05,-1.11022302462516e-16,-1.11022302462516e-16
"181",4000,4000,0.632455532033676,0.547722557505166,0.547722557505166,0,0.02,0,0.15,0.85,0.075,0.134,0.05,0.108,0.075,0.134,0.05,0.108,0.075,0.134,0.05,0.108,0.08,0.11,0.05,0.079,0.0256982212813468,0.0130491106406734
"182",4000,4000,0.632455532033676,0.547722557505166,0.547722557505166,0,0.04,0,0.15,0.85,0.156,0.392,0.05,0.288,0.156,0.392,0.05,0.288,0.156,0.392,0.05,0.288,0.175,0.298,0.05,0.17,0.052196442562694,0.0268982212813471
"183",4000,4000,0.632455532033676,0.547722557505166,0.547722557505166,0,0.06,0,0.15,0.85,0.297,0.717,0.05,0.553,0.297,0.717,0.05,0.553,0.297,0.717,0.05,0.553,0.337,0.571,0.05,0.319,0.079494663844041,0.0415473319220205
"184",4000,4000,0.632455532033676,0.547722557505166,0.547722557505166,0,0.08,0,0.15,0.85,0.486,0.923,0.05,0.795,0.486,0.923,0.05,0.795,0.486,0.923,0.05,0.795,0.539,0.813,0.05,0.504,0.107592885125388,0.0569964425626939
"185",4000,4000,0.632455532033676,0.547722557505166,0.547722557505166,0,0.1,0,0.15,0.85,0.682,0.989,0.05,0.935,0.682,0.989,0.05,0.935,0.682,0.989,0.05,0.935,0.732,0.945,0.05,0.687,0.136491106406735,0.0732455532033676
"186",4000,4000,0.632455532033676,0.547722557505166,0.547722557505166,0.02,0,0,0.15,0.85,0.141,0.077,0.113,0.05,0.141,0.077,0.113,0.05,0.141,0.077,0.113,0.05,0.102,0.076,0.076,0.05,0.026098221281347,0.026098221281347
"187",4000,4000,0.632455532033676,0.547722557505166,0.547722557505166,0.02,0.02,0,0.15,0.85,0.265,0.261,0.111,0.107,0.265,0.261,0.111,0.107,0.265,0.261,0.111,0.107,0.215,0.219,0.075,0.079,0.0525964425626939,0.0399473319220205
"188",4000,4000,0.632455532033676,0.547722557505166,0.547722557505166,0.02,0.04,0,0.15,0.85,0.437,0.579,0.11,0.284,0.437,0.579,0.11,0.284,0.437,0.579,0.11,0.284,0.388,0.471,0.074,0.167,0.079894663844041,0.0545964425626941
"189",4000,4000,0.632455532033676,0.547722557505166,0.547722557505166,0.02,0.06,0,0.15,0.85,0.626,0.852,0.108,0.547,0.626,0.852,0.108,0.547,0.626,0.852,0.108,0.547,0.589,0.737,0.074,0.312,0.107992885125388,0.0700455532033675
"190",4000,4000,0.632455532033676,0.547722557505166,0.547722557505166,0.02,0.08,0,0.15,0.85,0.792,0.971,0.107,0.789,0.792,0.971,0.107,0.789,0.792,0.971,0.107,0.789,0.769,0.909,0.073,0.495,0.136891106406735,0.0862946638440412
"191",4000,4000,0.632455532033676,0.547722557505166,0.547722557505166,0.02,0.1,0,0.15,0.85,0.906,0.997,0.105,0.931,0.906,0.997,0.105,0.931,0.906,0.997,0.105,0.931,0.894,0.979,0.073,0.676,0.166589327688082,0.103343774484715
"192",4000,4000,0.632455532033676,0.547722557505166,0.547722557505166,0.04,0,0,0.15,0.85,0.407,0.159,0.3,0.05,0.407,0.159,0.3,0.05,0.407,0.159,0.3,0.05,0.26,0.155,0.152,0.05,0.0537964425626938,0.0537964425626938
"193",4000,4000,0.632455532033676,0.547722557505166,0.547722557505166,0.04,0.02,0,0.15,0.85,0.586,0.432,0.294,0.106,0.586,0.432,0.294,0.106,0.586,0.432,0.294,0.106,0.441,0.375,0.149,0.078,0.0810946638440408,0.0684455532033674
"194",4000,4000,0.632455532033676,0.547722557505166,0.547722557505166,0.04,0.04,0,0.15,0.85,0.752,0.748,0.288,0.28,0.752,0.748,0.288,0.28,0.752,0.748,0.288,0.28,0.637,0.648,0.147,0.164,0.109192885125388,0.083894663844041
"195",4000,4000,0.632455532033676,0.547722557505166,0.547722557505166,0.04,0.06,0,0.15,0.85,0.876,0.934,0.282,0.54,0.876,0.934,0.282,0.54,0.876,0.934,0.282,0.54,0.803,0.859,0.145,0.306,0.138091106406735,0.100143774484715
"196",4000,4000,0.632455532033676,0.547722557505166,0.547722557505166,0.04,0.08,0,0.15,0.85,0.949,0.991,0.277,0.782,0.949,0.991,0.277,0.782,0.949,0.991,0.277,0.782,0.913,0.962,0.143,0.485,0.167789327688082,0.117192885125388
"197",4000,4000,0.632455532033676,0.547722557505166,0.547722557505166,0.04,0.1,0,0.15,0.85,0.984,0.999,0.271,0.927,0.984,0.999,0.271,0.927,0.984,0.999,0.271,0.927,0.969,0.993,0.14,0.664,0.198287548969429,0.135041995766061
"198",4000,4000,0.632455532033676,0.547722557505166,0.547722557505166,0.06,0,0,0.15,0.85,0.724,0.297,0.563,0.05,0.724,0.297,0.563,0.05,0.724,0.297,0.563,0.05,0.496,0.286,0.276,0.05,0.0830946638440411,0.0830946638440411
"199",4000,4000,0.632455532033676,0.547722557505166,0.547722557505166,0.06,0.02,0,0.15,0.85,0.851,0.616,0.553,0.105,0.851,0.616,0.553,0.105,0.851,0.616,0.553,0.105,0.684,0.552,0.27,0.077,0.111192885125388,0.0985437744847144
"200",4000,4000,0.632455532033676,0.547722557505166,0.547722557505166,0.06,0.04,0,0.15,0.85,0.933,0.871,0.543,0.276,0.933,0.871,0.543,0.276,0.933,0.871,0.543,0.276,0.834,0.795,0.265,0.161,0.140091106406735,0.114792885125388
"201",4000,4000,0.632455532033676,0.547722557505166,0.547722557505166,0.06,0.06,0,0.15,0.85,0.975,0.975,0.533,0.533,0.975,0.975,0.533,0.533,0.975,0.975,0.533,0.533,0.929,0.935,0.26,0.299,0.169789327688082,0.131841995766062
"202",4000,4000,0.632455532033676,0.547722557505166,0.547722557505166,0.06,0.08,0,0.15,0.85,0.993,0.997,0.523,0.775,0.993,0.997,0.523,0.775,0.993,0.997,0.523,0.775,0.975,0.986,0.255,0.475,0.200287548969429,0.149691106406735
"203",4000,4000,0.632455532033676,0.547722557505166,0.547722557505166,0.06,0.1,0,0.15,0.85,0.998,1,0.513,0.923,0.998,1,0.513,0.923,0.998,1,0.513,0.923,0.993,0.998,0.25,0.653,0.231585770250776,0.168340217047409
"204",4000,4000,0.632455532033676,0.547722557505166,0.547722557505166,0.08,0,0,0.15,0.85,0.92,0.472,0.794,0.05,0.92,0.472,0.794,0.05,0.92,0.472,0.794,0.05,0.728,0.453,0.431,0.05,0.113992885125388,0.113992885125388
"205",4000,4000,0.632455532033676,0.547722557505166,0.547722557505166,0.08,0.02,0,0.15,0.85,0.967,0.774,0.785,0.104,0.967,0.775,0.785,0.104,0.967,0.775,0.785,0.104,0.862,0.716,0.423,0.077,0.142891106406735,0.130241995766061
"206",4000,4000,0.632455532033676,0.547722557505166,0.547722557505166,0.08,0.04,0,0.15,0.85,0.989,0.944,0.775,0.272,0.989,0.944,0.775,0.272,0.989,0.944,0.775,0.272,0.942,0.895,0.415,0.158,0.172589327688082,0.147291106406735
"207",4000,4000,0.632455532033676,0.547722557505166,0.547722557505166,0.08,0.06,0,0.15,0.85,0.997,0.992,0.764,0.525,0.997,0.992,0.764,0.525,0.997,0.992,0.764,0.525,0.98,0.974,0.407,0.293,0.203087548969429,0.165140217047409
"208",4000,4000,0.632455532033676,0.547722557505166,0.547722557505166,0.08,0.08,0,0.15,0.85,0.999,0.999,0.754,0.767,0.999,0.999,0.754,0.767,0.999,0.999,0.754,0.767,0.995,0.996,0.399,0.465,0.234385770250776,0.183789327688082
"209",4000,4000,0.632455532033676,0.547722557505166,0.547722557505166,0.08,0.1,0,0.15,0.85,1,1,0.744,0.918,1,1,0.744,0.918,1,1,0.744,0.918,0.999,0.999,0.391,0.641,0.266483991532123,0.203238438328756
"210",4000,4000,0.632455532033676,0.547722557505166,0.547722557505166,0.1,0,0,0.15,0.85,0.986,0.651,0.928,0.05,0.986,0.651,0.928,0.05,0.986,0.651,0.928,0.05,0.886,0.626,0.593,0.05,0.146491106406735,0.146491106406735
"211",4000,4000,0.632455532033676,0.547722557505166,0.547722557505166,0.1,0.02,0,0.15,0.85,0.996,0.887,0.922,0.103,0.996,0.887,0.922,0.103,0.996,0.887,0.922,0.103,0.954,0.842,0.583,0.076,0.176189327688082,0.163540217047409
"212",4000,4000,0.632455532033676,0.547722557505166,0.547722557505166,0.1,0.04,0,0.15,0.85,0.999,0.979,0.916,0.268,0.999,0.979,0.916,0.268,0.999,0.979,0.916,0.268,0.985,0.954,0.573,0.155,0.206687548969429,0.181389327688082
"213",4000,4000,0.632455532033676,0.547722557505166,0.547722557505166,0.1,0.06,0,0.15,0.85,1,0.998,0.909,0.518,1,0.998,0.909,0.518,1,0.998,0.909,0.518,0.996,0.991,0.563,0.286,0.237985770250776,0.200038438328756
"214",4000,4000,0.632455532033676,0.547722557505166,0.547722557505166,0.1,0.08,0,0.15,0.85,1,1,0.903,0.76,1,1,0.903,0.76,1,1,0.903,0.76,0.999,0.999,0.553,0.455,0.270083991532123,0.219487548969429
"215",4000,4000,0.632455532033676,0.547722557505166,0.547722557505166,0.1,0.1,0,0.15,0.85,1,1,0.895,0.913,1,1,0.895,0.913,1,1,0.895,0.913,1,1,0.544,0.629,0.30298221281347,0.239736659610103
"216",4000,4000,0.632455532033676,0.547722557505166,0.547722557505166,0,0,0,0.15,0.85,0.05,0.05,0.05,0.05,0.05,0.05,0.05,0.05,0.05,0.05,0.05,0.05,0.05,0.05,0.05,0.05,-1.11022302462516e-16,-1.11022302462516e-16
"217",4000,4000,0.632455532033676,0.547722557505166,0.547722557505166,0,0.02,0,0.15,0.85,0.075,0.134,0.05,0.108,0.075,0.134,0.05,0.108,0.075,0.134,0.05,0.108,0.08,0.11,0.05,0.079,0.0256982212813468,0.0130491106406734
"218",4000,4000,0.632455532033676,0.547722557505166,0.547722557505166,0,0.04,0,0.15,0.85,0.156,0.392,0.05,0.288,0.156,0.392,0.05,0.288,0.156,0.392,0.05,0.288,0.175,0.298,0.05,0.17,0.052196442562694,0.0268982212813471
"219",4000,4000,0.632455532033676,0.547722557505166,0.547722557505166,0,0.06,0,0.15,0.85,0.297,0.717,0.05,0.553,0.297,0.717,0.05,0.553,0.297,0.717,0.05,0.553,0.337,0.571,0.05,0.319,0.079494663844041,0.0415473319220205
"220",4000,4000,0.632455532033676,0.547722557505166,0.547722557505166,0,0.08,0,0.15,0.85,0.486,0.923,0.05,0.795,0.486,0.923,0.05,0.795,0.486,0.923,0.05,0.795,0.539,0.813,0.05,0.504,0.107592885125388,0.0569964425626939
"221",4000,4000,0.632455532033676,0.547722557505166,0.547722557505166,0,0.1,0,0.15,0.85,0.682,0.989,0.05,0.935,0.682,0.989,0.05,0.935,0.682,0.989,0.05,0.935,0.732,0.945,0.05,0.687,0.136491106406735,0.0732455532033676
"222",4000,4000,0.632455532033676,0.547722557505166,0.547722557505166,0.02,0,0,0.15,0.85,0.141,0.077,0.113,0.05,0.141,0.077,0.113,0.05,0.141,0.077,0.113,0.05,0.102,0.076,0.076,0.05,0.026098221281347,0.026098221281347
"223",4000,4000,0.632455532033676,0.547722557505166,0.547722557505166,0.02,0.02,0,0.15,0.85,0.265,0.261,0.111,0.107,0.265,0.261,0.111,0.107,0.265,0.261,0.111,0.107,0.215,0.219,0.075,0.079,0.0525964425626939,0.0399473319220205
"224",4000,4000,0.632455532033676,0.547722557505166,0.547722557505166,0.02,0.04,0,0.15,0.85,0.437,0.579,0.11,0.284,0.437,0.579,0.11,0.284,0.437,0.579,0.11,0.284,0.388,0.471,0.074,0.167,0.079894663844041,0.0545964425626941
"225",4000,4000,0.632455532033676,0.547722557505166,0.547722557505166,0.02,0.06,0,0.15,0.85,0.626,0.852,0.108,0.547,0.626,0.852,0.108,0.547,0.626,0.852,0.108,0.547,0.589,0.737,0.074,0.312,0.107992885125388,0.0700455532033675
"226",4000,4000,0.632455532033676,0.547722557505166,0.547722557505166,0.02,0.08,0,0.15,0.85,0.792,0.971,0.107,0.789,0.792,0.971,0.107,0.789,0.792,0.971,0.107,0.789,0.769,0.909,0.073,0.495,0.136891106406735,0.0862946638440412
"227",4000,4000,0.632455532033676,0.547722557505166,0.547722557505166,0.02,0.1,0,0.15,0.85,0.906,0.997,0.105,0.931,0.906,0.997,0.105,0.931,0.906,0.997,0.105,0.931,0.894,0.979,0.073,0.676,0.166589327688082,0.103343774484715
"228",4000,4000,0.632455532033676,0.547722557505166,0.547722557505166,0.04,0,0,0.15,0.85,0.407,0.159,0.3,0.05,0.407,0.159,0.3,0.05,0.407,0.159,0.3,0.05,0.26,0.155,0.152,0.05,0.0537964425626938,0.0537964425626938
"229",4000,4000,0.632455532033676,0.547722557505166,0.547722557505166,0.04,0.02,0,0.15,0.85,0.586,0.432,0.294,0.106,0.586,0.432,0.294,0.106,0.586,0.432,0.294,0.106,0.441,0.375,0.149,0.078,0.0810946638440408,0.0684455532033674
"230",4000,4000,0.632455532033676,0.547722557505166,0.547722557505166,0.04,0.04,0,0.15,0.85,0.752,0.748,0.288,0.28,0.752,0.748,0.288,0.28,0.752,0.748,0.288,0.28,0.637,0.648,0.147,0.164,0.109192885125388,0.083894663844041
"231",4000,4000,0.632455532033676,0.547722557505166,0.547722557505166,0.04,0.06,0,0.15,0.85,0.876,0.934,0.282,0.54,0.876,0.934,0.282,0.54,0.876,0.934,0.282,0.54,0.803,0.859,0.145,0.306,0.138091106406735,0.100143774484715
"232",4000,4000,0.632455532033676,0.547722557505166,0.547722557505166,0.04,0.08,0,0.15,0.85,0.949,0.991,0.277,0.782,0.949,0.991,0.277,0.782,0.949,0.991,0.277,0.782,0.913,0.962,0.143,0.485,0.167789327688082,0.117192885125388
"233",4000,4000,0.632455532033676,0.547722557505166,0.547722557505166,0.04,0.1,0,0.15,0.85,0.984,0.999,0.271,0.927,0.984,0.999,0.271,0.927,0.984,0.999,0.271,0.927,0.969,0.993,0.14,0.664,0.198287548969429,0.135041995766061
"234",4000,4000,0.632455532033676,0.547722557505166,0.547722557505166,0.06,0,0,0.15,0.85,0.724,0.297,0.563,0.05,0.724,0.297,0.563,0.05,0.724,0.297,0.563,0.05,0.496,0.286,0.276,0.05,0.0830946638440411,0.0830946638440411
"235",4000,4000,0.632455532033676,0.547722557505166,0.547722557505166,0.06,0.02,0,0.15,0.85,0.851,0.616,0.553,0.105,0.851,0.616,0.553,0.105,0.851,0.616,0.553,0.105,0.684,0.552,0.27,0.077,0.111192885125388,0.0985437744847144
"236",4000,4000,0.632455532033676,0.547722557505166,0.547722557505166,0.06,0.04,0,0.15,0.85,0.933,0.871,0.543,0.276,0.933,0.871,0.543,0.276,0.933,0.871,0.543,0.276,0.834,0.795,0.265,0.161,0.140091106406735,0.114792885125388
"237",4000,4000,0.632455532033676,0.547722557505166,0.547722557505166,0.06,0.06,0,0.15,0.85,0.975,0.975,0.533,0.533,0.975,0.975,0.533,0.533,0.975,0.975,0.533,0.533,0.929,0.935,0.26,0.299,0.169789327688082,0.131841995766062
"238",4000,4000,0.632455532033676,0.547722557505166,0.547722557505166,0.06,0.08,0,0.15,0.85,0.993,0.997,0.523,0.775,0.993,0.997,0.523,0.775,0.993,0.997,0.523,0.775,0.975,0.986,0.255,0.475,0.200287548969429,0.149691106406735
"239",4000,4000,0.632455532033676,0.547722557505166,0.547722557505166,0.06,0.1,0,0.15,0.85,0.998,1,0.513,0.923,0.998,1,0.513,0.923,0.998,1,0.513,0.923,0.993,0.998,0.25,0.653,0.231585770250776,0.168340217047409
"240",4000,4000,0.632455532033676,0.547722557505166,0.547722557505166,0.08,0,0,0.15,0.85,0.92,0.472,0.794,0.05,0.92,0.472,0.794,0.05,0.92,0.472,0.794,0.05,0.728,0.453,0.431,0.05,0.113992885125388,0.113992885125388
"241",4000,4000,0.632455532033676,0.547722557505166,0.547722557505166,0.08,0.02,0,0.15,0.85,0.967,0.774,0.785,0.104,0.967,0.775,0.785,0.104,0.967,0.775,0.785,0.104,0.862,0.716,0.423,0.077,0.142891106406735,0.130241995766061
"242",4000,4000,0.632455532033676,0.547722557505166,0.547722557505166,0.08,0.04,0,0.15,0.85,0.989,0.944,0.775,0.272,0.989,0.944,0.775,0.272,0.989,0.944,0.775,0.272,0.942,0.895,0.415,0.158,0.172589327688082,0.147291106406735
"243",4000,4000,0.632455532033676,0.547722557505166,0.547722557505166,0.08,0.06,0,0.15,0.85,0.997,0.992,0.764,0.525,0.997,0.992,0.764,0.525,0.997,0.992,0.764,0.525,0.98,0.974,0.407,0.293,0.203087548969429,0.165140217047409
"244",4000,4000,0.632455532033676,0.547722557505166,0.547722557505166,0.08,0.08,0,0.15,0.85,0.999,0.999,0.754,0.767,0.999,0.999,0.754,0.767,0.999,0.999,0.754,0.767,0.995,0.996,0.399,0.465,0.234385770250776,0.183789327688082
"245",4000,4000,0.632455532033676,0.547722557505166,0.547722557505166,0.08,0.1,0,0.15,0.85,1,1,0.744,0.918,1,1,0.744,0.918,1,1,0.744,0.918,0.999,0.999,0.391,0.641,0.266483991532123,0.203238438328756
"246",4000,4000,0.632455532033676,0.547722557505166,0.547722557505166,0.1,0,0,0.15,0.85,0.986,0.651,0.928,0.05,0.986,0.651,0.928,0.05,0.986,0.651,0.928,0.05,0.886,0.626,0.593,0.05,0.146491106406735,0.146491106406735
"247",4000,4000,0.632455532033676,0.547722557505166,0.547722557505166,0.1,0.02,0,0.15,0.85,0.996,0.887,0.922,0.103,0.996,0.887,0.922,0.103,0.996,0.887,0.922,0.103,0.954,0.842,0.583,0.076,0.176189327688082,0.163540217047409
"248",4000,4000,0.632455532033676,0.547722557505166,0.547722557505166,0.1,0.04,0,0.15,0.85,0.999,0.979,0.916,0.268,0.999,0.979,0.916,0.268,0.999,0.979,0.916,0.268,0.985,0.954,0.573,0.155,0.206687548969429,0.181389327688082
"249",4000,4000,0.632455532033676,0.547722557505166,0.547722557505166,0.1,0.06,0,0.15,0.85,1,0.998,0.909,0.518,1,0.998,0.909,0.518,1,0.998,0.909,0.518,0.996,0.991,0.563,0.286,0.237985770250776,0.200038438328756
"250",4000,4000,0.632455532033676,0.547722557505166,0.547722557505166,0.1,0.08,0,0.15,0.85,1,1,0.903,0.76,1,1,0.903,0.76,1,1,0.903,0.76,0.999,0.999,0.553,0.455,0.270083991532123,0.219487548969429
"251",4000,4000,0.632455532033676,0.547722557505166,0.547722557505166,0.1,0.1,0,0.15,0.85,1,1,0.895,0.913,1,1,0.895,0.913,1,1,0.895,0.913,1,1,0.544,0.629,0.30298221281347,0.239736659610103
