"","nmz","ndz","a","c","e","g","b","x","PGS","A","e1","e2","e3","e4","e5","e6","e7","e8","e9","e10","e11","e12","e13","e14","e15","e16","Smz","Sdz"
"1",4000,4000,0.632455532033676,0.547722557505166,0.547722557505166,0,0,0,0.1,0.9,0,0,0,0,0,0,0,0,0,0,0,0,0,0,0,0,-1.11022302462516e-16,-1.11022302462516e-16
"2",4000,4000,0.632455532033676,0.547722557505166,0.547722557505166,0,0.01,0,0.1,0.9,0.005,0.01,0,0.01,0.005,0.01,0,0.01,0.005,0.01,0,0.01,0.008,0.01,0,0.01,0.0127491106406734,0.00642455532033681
"3",4000,4000,0.632455532033676,0.547722557505166,0.547722557505166,0,0.02,0,0.1,0.9,0.011,0.02,0,0.02,0.011,0.02,0,0.02,0.011,0.02,0,0.02,0.015,0.02,0,0.02,0.0256982212813468,0.0130491106406734
"4",4000,4000,0.632455532033676,0.547722557505166,0.547722557505166,0,0.03,0,0.1,0.9,0.016,0.03,0,0.03,0.016,0.03,0,0.03,0.016,0.03,0,0.03,0.023,0.03,0,0.03,0.0388473319220206,0.0198736659610104
"5",4000,4000,0.632455532033676,0.547722557505166,0.547722557505166,0,0.04,0,0.1,0.9,0.022,0.04,0,0.04,0.022,0.04,0,0.04,0.022,0.04,0,0.04,0.031,0.04,0,0.04,0.052196442562694,0.0268982212813471
"6",4000,4000,0.632455532033676,0.547722557505166,0.547722557505166,0,0.05,0,0.1,0.9,0.028,0.05,0,0.05,0.028,0.05,0,0.05,0.027,0.05,0,0.05,0.039,0.05,0,0.05,0.0657455532033677,0.0341227766016838
"7",4000,4000,0.632455532033676,0.547722557505166,0.547722557505166,0,0.06,0,0.1,0.9,0.033,0.06,0,0.06,0.033,0.06,0,0.06,0.033,0.06,0,0.06,0.047,0.06,0,0.06,0.079494663844041,0.0415473319220205
"8",4000,4000,0.632455532033676,0.547722557505166,0.547722557505166,0,0.07,0,0.1,0.9,0.04,0.07,0,0.07,0.039,0.07,0,0.07,0.039,0.07,0,0.07,0.055,0.07,0,0.07,0.0934437744847143,0.0491718872423572
"9",4000,4000,0.632455532033676,0.547722557505166,0.547722557505166,0,0.08,0,0.1,0.9,0.045,0.08,0,0.08,0.045,0.08,0,0.08,0.045,0.08,0,0.08,0.063,0.08,0,0.08,0.107592885125388,0.0569964425626939
"10",4000,4000,0.632455532033676,0.547722557505166,0.547722557505166,0,0.09,0,0.1,0.9,0.051,0.09,0,0.09,0.051,0.09,0,0.09,0.051,0.09,0,0.09,0.071,0.09,0,0.09,0.121941995766061,0.0650209978830305
"11",4000,4000,0.632455532033676,0.547722557505166,0.547722557505166,0,0.1,0,0.1,0.9,0.058,0.1,0,0.1,0.058,0.1,0,0.1,0.058,0.1,0,0.1,0.079,0.1,0,0.1,0.136491106406735,0.0732455532033676
"12",4000,4000,0.632455532033676,0.547722557505166,0.547722557505166,0.01,0,0,0.1,0.9,0.01,0.006,0.01,0,0.01,0.006,0.01,0,0.01,0.006,0.01,0,0.01,0.007,0.01,0,0.0128491106406734,0.0128491106406734
"13",4000,4000,0.632455532033676,0.547722557505166,0.547722557505166,0.01,0.01,0,0.1,0.9,0.015,0.016,0.01,0.01,0.015,0.016,0.01,0.01,0.015,0.016,0.01,0.01,0.018,0.017,0.01,0.01,0.025798221281347,0.0194736659610102
"14",4000,4000,0.632455532033676,0.547722557505166,0.547722557505166,0.01,0.02,0,0.1,0.9,0.021,0.026,0.01,0.02,0.021,0.026,0.01,0.02,0.021,0.026,0.01,0.02,0.025,0.027,0.01,0.02,0.0389473319220204,0.026298221281347
"15",4000,4000,0.632455532033676,0.547722557505166,0.547722557505166,0.01,0.03,0,0.1,0.9,0.026,0.036,0.01,0.03,0.026,0.036,0.01,0.03,0.026,0.036,0.01,0.03,0.033,0.037,0.01,0.03,0.0522964425626942,0.0333227766016839
"16",4000,4000,0.632455532033676,0.547722557505166,0.547722557505166,0.01,0.04,0,0.1,0.9,0.032,0.046,0.01,0.04,0.032,0.046,0.01,0.04,0.032,0.046,0.01,0.04,0.041,0.047,0.01,0.04,0.0658455532033675,0.0405473319220206
"17",4000,4000,0.632455532033676,0.547722557505166,0.547722557505166,0.01,0.05,0,0.1,0.9,0.038,0.056,0.01,0.05,0.038,0.056,0.01,0.05,0.038,0.056,0.01,0.05,0.049,0.056,0.01,0.05,0.0795946638440412,0.0479718872423573
"18",4000,4000,0.632455532033676,0.547722557505166,0.547722557505166,0.01,0.06,0,0.1,0.9,0.043,0.066,0.01,0.06,0.044,0.066,0.01,0.06,0.043,0.066,0.01,0.06,0.057,0.067,0.01,0.06,0.0935437744847145,0.055596442562694
"19",4000,4000,0.632455532033676,0.547722557505166,0.547722557505166,0.01,0.07,0,0.1,0.9,0.05,0.076,0.01,0.07,0.05,0.076,0.01,0.07,0.049,0.076,0.01,0.07,0.065,0.077,0.01,0.07,0.107692885125388,0.0634209978830307
"20",4000,4000,0.632455532033676,0.547722557505166,0.547722557505166,0.01,0.08,0,0.1,0.9,0.056,0.086,0.01,0.08,0.056,0.086,0.01,0.08,0.056,0.086,0.01,0.08,0.073,0.087,0.01,0.08,0.122041995766061,0.0714455532033673
"21",4000,4000,0.632455532033676,0.547722557505166,0.547722557505166,0.01,0.09,0,0.1,0.9,0.062,0.096,0.01,0.09,0.062,0.096,0.01,0.09,0.062,0.096,0.01,0.09,0.081,0.097,0.01,0.09,0.136591106406735,0.0796701085237044
"22",4000,4000,0.632455532033676,0.547722557505166,0.547722557505166,0.01,0.1,0,0.1,0.9,0.068,0.106,0.01,0.1,0.068,0.106,0.01,0.1,0.068,0.106,0.01,0.1,0.089,0.107,0.01,0.1,0.151340217047409,0.088094663844041
"23",4000,4000,0.632455532033676,0.547722557505166,0.547722557505166,0.02,0,0,0.1,0.9,0.02,0.012,0.02,0,0.02,0.012,0.02,0,0.02,0.012,0.02,0,0.02,0.013,0.02,0,0.026098221281347,0.026098221281347
"24",4000,4000,0.632455532033676,0.547722557505166,0.547722557505166,0.02,0.01,0,0.1,0.9,0.025,0.022,0.02,0.01,0.025,0.022,0.02,0.01,0.025,0.022,0.02,0.01,0.028,0.023,0.02,0.01,0.0392473319220206,0.0329227766016837
"25",4000,4000,0.632455532033676,0.547722557505166,0.547722557505166,0.02,0.02,0,0.1,0.9,0.031,0.032,0.02,0.02,0.031,0.032,0.02,0.02,0.031,0.032,0.02,0.02,0.035,0.033,0.02,0.02,0.0525964425626939,0.0399473319220205
"26",4000,4000,0.632455532033676,0.547722557505166,0.547722557505166,0.02,0.03,0,0.1,0.9,0.036,0.042,0.02,0.03,0.036,0.042,0.02,0.03,0.036,0.042,0.02,0.03,0.043,0.043,0.02,0.03,0.0661455532033677,0.0471718872423574
"27",4000,4000,0.632455532033676,0.547722557505166,0.547722557505166,0.02,0.04,0,0.1,0.9,0.042,0.052,0.02,0.04,0.042,0.052,0.02,0.04,0.042,0.052,0.02,0.04,0.051,0.053,0.02,0.04,0.079894663844041,0.0545964425626941
"28",4000,4000,0.632455532033676,0.547722557505166,0.547722557505166,0.02,0.05,0,0.1,0.9,0.048,0.062,0.02,0.05,0.048,0.062,0.02,0.05,0.048,0.062,0.02,0.05,0.059,0.063,0.02,0.05,0.0938437744847147,0.0622209978830308
"29",4000,4000,0.632455532033676,0.547722557505166,0.547722557505166,0.02,0.06,0,0.1,0.9,0.054,0.072,0.02,0.06,0.054,0.072,0.02,0.06,0.054,0.072,0.02,0.06,0.067,0.073,0.02,0.06,0.107992885125388,0.0700455532033675
"30",4000,4000,0.632455532033676,0.547722557505166,0.547722557505166,0.02,0.07,0,0.1,0.9,0.06,0.081,0.02,0.07,0.06,0.082,0.02,0.07,0.06,0.081,0.02,0.07,0.075,0.083,0.02,0.07,0.122341995766061,0.0780701085237041
"31",4000,4000,0.632455532033676,0.547722557505166,0.547722557505166,0.02,0.08,0,0.1,0.9,0.066,0.092,0.02,0.08,0.066,0.092,0.02,0.08,0.066,0.091,0.02,0.08,0.083,0.093,0.02,0.08,0.136891106406735,0.0862946638440412
"32",4000,4000,0.632455532033676,0.547722557505166,0.547722557505166,0.02,0.09,0,0.1,0.9,0.072,0.102,0.02,0.09,0.072,0.102,0.02,0.09,0.072,0.101,0.02,0.09,0.091,0.103,0.02,0.09,0.151640217047408,0.0947192191643778
"33",4000,4000,0.632455532033676,0.547722557505166,0.547722557505166,0.02,0.1,0,0.1,0.9,0.078,0.112,0.02,0.1,0.078,0.112,0.02,0.1,0.078,0.111,0.02,0.1,0.1,0.113,0.02,0.1,0.166589327688082,0.103343774484715
"34",4000,4000,0.632455532033676,0.547722557505166,0.547722557505166,0.03,0,0,0.1,0.9,0.03,0.017,0.03,0,0.03,0.017,0.03,0,0.03,0.017,0.03,0,0.03,0.02,0.03,0,0.0397473319220203,0.0397473319220203
"35",4000,4000,0.632455532033676,0.547722557505166,0.547722557505166,0.03,0.01,0,0.1,0.9,0.035,0.027,0.03,0.01,0.035,0.027,0.03,0.01,0.035,0.027,0.03,0.01,0.038,0.03,0.03,0.01,0.0530964425626941,0.046771887242357
"36",4000,4000,0.632455532033676,0.547722557505166,0.547722557505166,0.03,0.02,0,0.1,0.9,0.041,0.037,0.03,0.02,0.041,0.037,0.03,0.02,0.041,0.037,0.03,0.02,0.045,0.04,0.03,0.02,0.0666455532033674,0.0539964425626938
"37",4000,4000,0.632455532033676,0.547722557505166,0.547722557505166,0.03,0.03,0,0.1,0.9,0.047,0.047,0.03,0.03,0.046,0.047,0.03,0.03,0.046,0.047,0.03,0.03,0.053,0.05,0.03,0.03,0.0803946638440411,0.0614209978830307
"38",4000,4000,0.632455532033676,0.547722557505166,0.547722557505166,0.03,0.04,0,0.1,0.9,0.052,0.057,0.03,0.04,0.052,0.057,0.03,0.04,0.052,0.057,0.03,0.04,0.061,0.06,0.03,0.04,0.0943437744847144,0.0690455532033676
"39",4000,4000,0.632455532033676,0.547722557505166,0.547722557505166,0.03,0.05,0,0.1,0.9,0.058,0.067,0.03,0.05,0.058,0.067,0.03,0.05,0.058,0.067,0.03,0.05,0.069,0.07,0.03,0.05,0.108492885125388,0.0768701085237042
"40",4000,4000,0.632455532033676,0.547722557505166,0.547722557505166,0.03,0.06,0,0.1,0.9,0.064,0.077,0.03,0.06,0.064,0.077,0.03,0.06,0.064,0.077,0.03,0.06,0.077,0.08,0.03,0.06,0.122841995766062,0.0848946638440409
"41",4000,4000,0.632455532033676,0.547722557505166,0.547722557505166,0.03,0.07,0,0.1,0.9,0.07,0.087,0.03,0.07,0.07,0.087,0.03,0.07,0.07,0.087,0.03,0.07,0.085,0.09,0.03,0.07,0.137391106406735,0.0931192191643779
"42",4000,4000,0.632455532033676,0.547722557505166,0.547722557505166,0.03,0.08,0,0.1,0.9,0.076,0.097,0.03,0.08,0.076,0.097,0.03,0.08,0.076,0.097,0.03,0.08,0.093,0.1,0.03,0.08,0.152140217047409,0.101543774484715
"43",4000,4000,0.632455532033676,0.547722557505166,0.547722557505166,0.03,0.09,0,0.1,0.9,0.082,0.107,0.03,0.09,0.082,0.107,0.03,0.09,0.082,0.107,0.03,0.09,0.102,0.11,0.03,0.09,0.167089327688082,0.110168329805051
"44",4000,4000,0.632455532033676,0.547722557505166,0.547722557505166,0.03,0.1,0,0.1,0.9,0.089,0.117,0.03,0.1,0.089,0.117,0.03,0.1,0.089,0.117,0.03,0.1,0.11,0.12,0.03,0.1,0.182238438328755,0.118992885125388
"45",4000,4000,0.632455532033676,0.547722557505166,0.547722557505166,0.04,0,0,0.1,0.9,0.04,0.023,0.04,0,0.04,0.023,0.04,0,0.04,0.023,0.04,0,0.04,0.027,0.04,0,0.0537964425626938,0.0537964425626938
"46",4000,4000,0.632455532033676,0.547722557505166,0.547722557505166,0.04,0.01,0,0.1,0.9,0.045,0.033,0.04,0.01,0.045,0.033,0.04,0.01,0.045,0.033,0.04,0.01,0.048,0.037,0.04,0.01,0.0673455532033675,0.0610209978830305
"47",4000,4000,0.632455532033676,0.547722557505166,0.547722557505166,0.04,0.02,0,0.1,0.9,0.051,0.043,0.04,0.02,0.051,0.043,0.04,0.02,0.051,0.043,0.04,0.02,0.055,0.047,0.04,0.02,0.0810946638440408,0.0684455532033674
"48",4000,4000,0.632455532033676,0.547722557505166,0.547722557505166,0.04,0.03,0,0.1,0.9,0.057,0.053,0.04,0.03,0.057,0.053,0.04,0.03,0.057,0.053,0.04,0.03,0.063,0.057,0.04,0.03,0.0950437744847146,0.0760701085237043
"49",4000,4000,0.632455532033676,0.547722557505166,0.547722557505166,0.04,0.04,0,0.1,0.9,0.062,0.063,0.04,0.04,0.062,0.063,0.04,0.04,0.062,0.063,0.04,0.04,0.071,0.067,0.04,0.04,0.109192885125388,0.083894663844041
"50",4000,4000,0.632455532033676,0.547722557505166,0.547722557505166,0.04,0.05,0,0.1,0.9,0.068,0.073,0.04,0.05,0.068,0.073,0.04,0.05,0.068,0.073,0.04,0.05,0.079,0.077,0.04,0.05,0.123541995766062,0.0919192191643776
"51",4000,4000,0.632455532033676,0.547722557505166,0.547722557505166,0.04,0.06,0,0.1,0.9,0.074,0.083,0.04,0.06,0.074,0.083,0.04,0.06,0.074,0.083,0.04,0.06,0.087,0.087,0.04,0.06,0.138091106406735,0.100143774484715
"52",4000,4000,0.632455532033676,0.547722557505166,0.547722557505166,0.04,0.07,0,0.1,0.9,0.08,0.093,0.04,0.07,0.08,0.093,0.04,0.07,0.08,0.093,0.04,0.07,0.095,0.097,0.04,0.07,0.152840217047409,0.108568329805051
"53",4000,4000,0.632455532033676,0.547722557505166,0.547722557505166,0.04,0.08,0,0.1,0.9,0.086,0.103,0.04,0.08,0.086,0.103,0.04,0.08,0.086,0.103,0.04,0.08,0.104,0.107,0.04,0.08,0.167789327688082,0.117192885125388
"54",4000,4000,0.632455532033676,0.547722557505166,0.547722557505166,0.04,0.09,0,0.1,0.9,0.093,0.113,0.04,0.09,0.093,0.113,0.04,0.09,0.093,0.113,0.04,0.09,0.112,0.117,0.04,0.09,0.182938438328756,0.126017440445725
"55",4000,4000,0.632455532033676,0.547722557505166,0.547722557505166,0.04,0.1,0,0.1,0.9,0.099,0.123,0.04,0.1,0.099,0.123,0.04,0.1,0.099,0.123,0.04,0.1,0.12,0.127,0.04,0.1,0.198287548969429,0.135041995766061
"56",4000,4000,0.632455532033676,0.547722557505166,0.547722557505166,0.05,0,0,0.1,0.9,0.05,0.029,0.05,0,0.05,0.029,0.05,0,0.05,0.029,0.05,0,0.05,0.033,0.05,0,0.0682455532033674,0.0682455532033674
"57",4000,4000,0.632455532033676,0.547722557505166,0.547722557505166,0.05,0.01,0,0.1,0.9,0.055,0.039,0.05,0.01,0.055,0.039,0.05,0.01,0.055,0.039,0.05,0.01,0.058,0.043,0.05,0.01,0.081994663844041,0.0756701085237044
"58",4000,4000,0.632455532033676,0.547722557505166,0.547722557505166,0.05,0.02,0,0.1,0.9,0.061,0.049,0.05,0.02,0.061,0.049,0.05,0.02,0.061,0.049,0.05,0.02,0.065,0.053,0.05,0.02,0.0959437744847147,0.0832946638440411
"59",4000,4000,0.632455532033676,0.547722557505166,0.547722557505166,0.05,0.03,0,0.1,0.9,0.067,0.059,0.05,0.03,0.067,0.059,0.05,0.03,0.067,0.059,0.05,0.03,0.073,0.063,0.05,0.03,0.110092885125388,0.0911192191643777
"60",4000,4000,0.632455532033676,0.547722557505166,0.547722557505166,0.05,0.04,0,0.1,0.9,0.072,0.069,0.05,0.04,0.072,0.069,0.05,0.04,0.072,0.069,0.05,0.04,0.081,0.073,0.05,0.04,0.124441995766062,0.0991437744847146
"61",4000,4000,0.632455532033676,0.547722557505166,0.547722557505166,0.05,0.05,0,0.1,0.9,0.078,0.079,0.05,0.05,0.078,0.079,0.05,0.05,0.078,0.079,0.05,0.05,0.089,0.083,0.05,0.05,0.138991106406735,0.107368329805051
"62",4000,4000,0.632455532033676,0.547722557505166,0.547722557505166,0.05,0.06,0,0.1,0.9,0.084,0.089,0.05,0.06,0.085,0.089,0.05,0.06,0.084,0.089,0.05,0.06,0.097,0.093,0.05,0.06,0.153740217047408,0.115792885125388
"63",4000,4000,0.632455532033676,0.547722557505166,0.547722557505166,0.05,0.07,0,0.1,0.9,0.09,0.099,0.05,0.07,0.091,0.099,0.05,0.07,0.09,0.099,0.05,0.07,0.106,0.103,0.05,0.07,0.168689327688082,0.124417440445725
"64",4000,4000,0.632455532033676,0.547722557505166,0.547722557505166,0.05,0.08,0,0.1,0.9,0.097,0.109,0.05,0.08,0.097,0.109,0.05,0.08,0.097,0.109,0.05,0.08,0.114,0.113,0.05,0.08,0.183838438328756,0.133241995766062
"65",4000,4000,0.632455532033676,0.547722557505166,0.547722557505166,0.05,0.09,0,0.1,0.9,0.103,0.119,0.05,0.09,0.103,0.119,0.05,0.09,0.103,0.119,0.05,0.09,0.122,0.123,0.05,0.09,0.199187548969429,0.142266551086398
"66",4000,4000,0.632455532033676,0.547722557505166,0.547722557505166,0.05,0.1,0,0.1,0.9,0.11,0.129,0.05,0.1,0.11,0.129,0.05,0.1,0.11,0.129,0.05,0.1,0.131,0.133,0.05,0.1,0.214736659610103,0.151491106406735
"67",4000,4000,0.632455532033676,0.547722557505166,0.547722557505166,0.06,0,0,0.1,0.9,0.06,0.035,0.06,0,0.06,0.035,0.06,0,0.06,0.035,0.06,0,0.06,0.04,0.06,0,0.0830946638440411,0.0830946638440411
"68",4000,4000,0.632455532033676,0.547722557505166,0.547722557505166,0.06,0.01,0,0.1,0.9,0.065,0.045,0.06,0.01,0.065,0.045,0.06,0.01,0.065,0.045,0.06,0.01,0.068,0.05,0.06,0.01,0.0970437744847146,0.0907192191643778
"69",4000,4000,0.632455532033676,0.547722557505166,0.547722557505166,0.06,0.02,0,0.1,0.9,0.071,0.055,0.06,0.02,0.071,0.055,0.06,0.02,0.071,0.055,0.06,0.02,0.076,0.06,0.06,0.02,0.111192885125388,0.0985437744847144
"70",4000,4000,0.632455532033676,0.547722557505166,0.547722557505166,0.06,0.03,0,0.1,0.9,0.077,0.065,0.06,0.03,0.077,0.065,0.06,0.03,0.077,0.065,0.06,0.03,0.083,0.07,0.06,0.03,0.125541995766062,0.106568329805051
"71",4000,4000,0.632455532033676,0.547722557505166,0.547722557505166,0.06,0.04,0,0.1,0.9,0.083,0.075,0.06,0.04,0.083,0.075,0.06,0.04,0.083,0.075,0.06,0.04,0.091,0.08,0.06,0.04,0.140091106406735,0.114792885125388
"72",4000,4000,0.632455532033676,0.547722557505166,0.547722557505166,0.06,0.05,0,0.1,0.9,0.089,0.085,0.06,0.05,0.089,0.084,0.06,0.05,0.089,0.084,0.06,0.05,0.099,0.09,0.06,0.05,0.154840217047409,0.123217440445725
"73",4000,4000,0.632455532033676,0.547722557505166,0.547722557505166,0.06,0.06,0,0.1,0.9,0.095,0.094,0.06,0.06,0.095,0.095,0.06,0.06,0.095,0.094,0.06,0.06,0.108,0.1,0.06,0.06,0.169789327688082,0.131841995766062
"74",4000,4000,0.632455532033676,0.547722557505166,0.547722557505166,0.06,0.07,0,0.1,0.9,0.101,0.105,0.06,0.07,0.101,0.104,0.06,0.07,0.101,0.104,0.06,0.07,0.116,0.11,0.06,0.07,0.184938438328756,0.140666551086398
"75",4000,4000,0.632455532033676,0.547722557505166,0.547722557505166,0.06,0.08,0,0.1,0.9,0.107,0.114,0.06,0.08,0.107,0.114,0.06,0.08,0.107,0.114,0.06,0.08,0.124,0.12,0.06,0.08,0.200287548969429,0.149691106406735
"76",4000,4000,0.632455532033676,0.547722557505166,0.547722557505166,0.06,0.09,0,0.1,0.9,0.113,0.124,0.06,0.09,0.113,0.124,0.06,0.09,0.113,0.124,0.06,0.09,0.132,0.13,0.06,0.09,0.215836659610102,0.158915661727072
"77",4000,4000,0.632455532033676,0.547722557505166,0.547722557505166,0.06,0.1,0,0.1,0.9,0.12,0.134,0.06,0.1,0.12,0.134,0.06,0.1,0.12,0.134,0.06,0.1,0.141,0.14,0.06,0.1,0.231585770250776,0.168340217047409
"78",4000,4000,0.632455532033676,0.547722557505166,0.547722557505166,0.07,0,0,0.1,0.9,0.07,0.04,0.07,0,0.07,0.04,0.07,0,0.07,0.04,0.07,0,0.07,0.047,0.07,0,0.0983437744847144,0.0983437744847144
"79",4000,4000,0.632455532033676,0.547722557505166,0.547722557505166,0.07,0.01,0,0.1,0.9,0.076,0.05,0.07,0.01,0.076,0.05,0.07,0.01,0.076,0.05,0.07,0.01,0.078,0.057,0.07,0.01,0.112492885125388,0.106168329805051
"80",4000,4000,0.632455532033676,0.547722557505166,0.547722557505166,0.07,0.02,0,0.1,0.9,0.081,0.06,0.07,0.02,0.081,0.06,0.07,0.02,0.081,0.06,0.07,0.02,0.086,0.067,0.07,0.02,0.126841995766062,0.114192885125388
"81",4000,4000,0.632455532033676,0.547722557505166,0.547722557505166,0.07,0.03,0,0.1,0.9,0.087,0.071,0.07,0.03,0.087,0.07,0.07,0.03,0.087,0.07,0.07,0.03,0.094,0.077,0.07,0.03,0.141391106406735,0.122417440445725
"82",4000,4000,0.632455532033676,0.547722557505166,0.547722557505166,0.07,0.04,0,0.1,0.9,0.093,0.08,0.07,0.04,0.093,0.08,0.07,0.04,0.093,0.08,0.07,0.04,0.102,0.087,0.07,0.04,0.156140217047409,0.130841995766062
"83",4000,4000,0.632455532033676,0.547722557505166,0.547722557505166,0.07,0.05,0,0.1,0.9,0.099,0.09,0.07,0.05,0.099,0.09,0.07,0.05,0.099,0.09,0.07,0.05,0.11,0.097,0.07,0.05,0.171089327688082,0.139466551086398
"84",4000,4000,0.632455532033676,0.547722557505166,0.547722557505166,0.07,0.06,0,0.1,0.9,0.105,0.1,0.07,0.06,0.105,0.1,0.07,0.06,0.105,0.1,0.07,0.06,0.118,0.107,0.07,0.06,0.186238438328756,0.148291106406735
"85",4000,4000,0.632455532033676,0.547722557505166,0.547722557505166,0.07,0.07,0,0.1,0.9,0.111,0.11,0.07,0.07,0.111,0.11,0.07,0.07,0.111,0.11,0.07,0.07,0.126,0.117,0.07,0.07,0.201587548969429,0.157315661727072
"86",4000,4000,0.632455532033676,0.547722557505166,0.547722557505166,0.07,0.08,0,0.1,0.9,0.117,0.121,0.07,0.08,0.117,0.12,0.07,0.08,0.117,0.12,0.07,0.08,0.134,0.127,0.07,0.08,0.217136659610103,0.166540217047408
"87",4000,4000,0.632455532033676,0.547722557505166,0.547722557505166,0.07,0.09,0,0.1,0.9,0.124,0.131,0.07,0.09,0.124,0.13,0.07,0.09,0.124,0.13,0.07,0.09,0.143,0.137,0.07,0.09,0.232885770250776,0.175964772367745
"88",4000,4000,0.632455532033676,0.547722557505166,0.547722557505166,0.07,0.1,0,0.1,0.9,0.13,0.14,0.07,0.1,0.13,0.14,0.07,0.1,0.13,0.14,0.07,0.1,0.151,0.147,0.07,0.1,0.24883488089145,0.185589327688082
"89",4000,4000,0.632455532033676,0.547722557505166,0.547722557505166,0.08,0,0,0.1,0.9,0.08,0.046,0.08,0,0.08,0.046,0.08,0,0.08,0.046,0.08,0,0.08,0.053,0.08,0,0.113992885125388,0.113992885125388
"90",4000,4000,0.632455532033676,0.547722557505166,0.547722557505166,0.08,0.01,0,0.1,0.9,0.086,0.056,0.08,0.01,0.086,0.056,0.08,0.01,0.086,0.056,0.08,0.01,0.088,0.063,0.08,0.01,0.128341995766062,0.122017440445725
"91",4000,4000,0.632455532033676,0.547722557505166,0.547722557505166,0.08,0.02,0,0.1,0.9,0.092,0.066,0.08,0.02,0.091,0.066,0.08,0.02,0.091,0.066,0.08,0.02,0.096,0.073,0.08,0.02,0.142891106406735,0.130241995766061
"92",4000,4000,0.632455532033676,0.547722557505166,0.547722557505166,0.08,0.03,0,0.1,0.9,0.097,0.076,0.08,0.03,0.097,0.076,0.08,0.03,0.097,0.076,0.08,0.03,0.104,0.083,0.08,0.03,0.157640217047409,0.138666551086398
"93",4000,4000,0.632455532033676,0.547722557505166,0.547722557505166,0.08,0.04,0,0.1,0.9,0.103,0.086,0.08,0.04,0.103,0.086,0.08,0.04,0.103,0.086,0.08,0.04,0.112,0.093,0.08,0.04,0.172589327688082,0.147291106406735
"94",4000,4000,0.632455532033676,0.547722557505166,0.547722557505166,0.08,0.05,0,0.1,0.9,0.109,0.096,0.08,0.05,0.109,0.096,0.08,0.05,0.109,0.096,0.08,0.05,0.12,0.103,0.08,0.05,0.187738438328756,0.156115661727072
"95",4000,4000,0.632455532033676,0.547722557505166,0.547722557505166,0.08,0.06,0,0.1,0.9,0.116,0.106,0.08,0.06,0.115,0.106,0.08,0.06,0.115,0.106,0.08,0.06,0.128,0.113,0.08,0.06,0.203087548969429,0.165140217047409
"96",4000,4000,0.632455532033676,0.547722557505166,0.547722557505166,0.08,0.07,0,0.1,0.9,0.122,0.116,0.08,0.07,0.121,0.116,0.08,0.07,0.121,0.116,0.08,0.07,0.136,0.123,0.08,0.07,0.218636659610103,0.174364772367746
"97",4000,4000,0.632455532033676,0.547722557505166,0.547722557505166,0.08,0.08,0,0.1,0.9,0.128,0.126,0.08,0.08,0.128,0.126,0.08,0.08,0.128,0.126,0.08,0.08,0.144,0.133,0.08,0.08,0.234385770250776,0.183789327688082
"98",4000,4000,0.632455532033676,0.547722557505166,0.547722557505166,0.08,0.09,0,0.1,0.9,0.134,0.136,0.08,0.09,0.134,0.136,0.08,0.09,0.134,0.136,0.08,0.09,0.153,0.143,0.08,0.09,0.25033488089145,0.193413883008419
"99",4000,4000,0.632455532033676,0.547722557505166,0.547722557505166,0.08,0.1,0,0.1,0.9,0.141,0.147,0.08,0.1,0.141,0.146,0.08,0.1,0.141,0.146,0.08,0.1,0.161,0.153,0.08,0.1,0.266483991532123,0.203238438328756
"100",4000,4000,0.632455532033676,0.547722557505166,0.547722557505166,0.09,0,0,0.1,0.9,0.09,0.052,0.09,0,0.09,0.052,0.09,0,0.09,0.052,0.09,0,0.09,0.06,0.09,0,0.130041995766061,0.130041995766061
"101",4000,4000,0.632455532033676,0.547722557505166,0.547722557505166,0.09,0.01,0,0.1,0.9,0.096,0.062,0.09,0.01,0.096,0.062,0.09,0.01,0.096,0.062,0.09,0.01,0.098,0.07,0.09,0.01,0.144591106406735,0.138266551086399
"102",4000,4000,0.632455532033676,0.547722557505166,0.547722557505166,0.09,0.02,0,0.1,0.9,0.101,0.072,0.09,0.02,0.101,0.072,0.09,0.02,0.101,0.072,0.09,0.02,0.106,0.08,0.09,0.02,0.159340217047409,0.146691106406735
"103",4000,4000,0.632455532033676,0.547722557505166,0.547722557505166,0.09,0.03,0,0.1,0.9,0.107,0.082,0.09,0.03,0.107,0.082,0.09,0.03,0.107,0.082,0.09,0.03,0.114,0.09,0.09,0.03,0.174289327688082,0.155315661727072
"104",4000,4000,0.632455532033676,0.547722557505166,0.547722557505166,0.09,0.04,0,0.1,0.9,0.113,0.092,0.09,0.04,0.113,0.092,0.09,0.04,0.113,0.092,0.09,0.04,0.122,0.1,0.09,0.04,0.189438438328756,0.164140217047409
"105",4000,4000,0.632455532033676,0.547722557505166,0.547722557505166,0.09,0.05,0,0.1,0.9,0.119,0.102,0.09,0.05,0.119,0.102,0.09,0.05,0.119,0.102,0.09,0.05,0.13,0.11,0.09,0.05,0.204787548969429,0.173164772367745
"106",4000,4000,0.632455532033676,0.547722557505166,0.547722557505166,0.09,0.06,0,0.1,0.9,0.125,0.112,0.09,0.06,0.125,0.112,0.09,0.06,0.125,0.112,0.09,0.06,0.138,0.12,0.09,0.06,0.220336659610103,0.182389327688082
"107",4000,4000,0.632455532033676,0.547722557505166,0.547722557505166,0.09,0.07,0,0.1,0.9,0.132,0.122,0.09,0.07,0.132,0.122,0.09,0.07,0.132,0.122,0.09,0.07,0.146,0.13,0.09,0.07,0.236085770250776,0.191813883008419
"108",4000,4000,0.632455532033676,0.547722557505166,0.547722557505166,0.09,0.08,0,0.1,0.9,0.138,0.132,0.09,0.08,0.138,0.132,0.09,0.08,0.138,0.132,0.09,0.08,0.155,0.14,0.09,0.08,0.25203488089145,0.201438438328756
"109",4000,4000,0.632455532033676,0.547722557505166,0.547722557505166,0.09,0.09,0,0.1,0.9,0.144,0.142,0.09,0.09,0.144,0.142,0.09,0.09,0.144,0.142,0.09,0.09,0.163,0.15,0.09,0.09,0.268183991532123,0.211262993649092
"110",4000,4000,0.632455532033676,0.547722557505166,0.547722557505166,0.09,0.1,0,0.1,0.9,0.151,0.152,0.09,0.1,0.151,0.152,0.09,0.1,0.151,0.152,0.09,0.1,0.172,0.16,0.09,0.1,0.284533102172797,0.221287548969429
"111",4000,4000,0.632455532033676,0.547722557505166,0.547722557505166,0.1,0,0,0.1,0.9,0.1,0.058,0.1,0,0.1,0.058,0.1,0,0.1,0.058,0.1,0,0.1,0.067,0.1,0,0.146491106406735,0.146491106406735
"112",4000,4000,0.632455532033676,0.547722557505166,0.547722557505166,0.1,0.01,0,0.1,0.9,0.106,0.068,0.1,0.01,0.106,0.068,0.1,0.01,0.106,0.068,0.1,0.01,0.108,0.077,0.1,0.01,0.161240217047409,0.154915661727072
"113",4000,4000,0.632455532033676,0.547722557505166,0.547722557505166,0.1,0.02,0,0.1,0.9,0.111,0.078,0.1,0.02,0.111,0.078,0.1,0.02,0.111,0.078,0.1,0.02,0.116,0.087,0.1,0.02,0.176189327688082,0.163540217047409
"114",4000,4000,0.632455532033676,0.547722557505166,0.547722557505166,0.1,0.03,0,0.1,0.9,0.117,0.088,0.1,0.03,0.117,0.088,0.1,0.03,0.117,0.088,0.1,0.03,0.124,0.097,0.1,0.03,0.191338438328756,0.172364772367745
"115",4000,4000,0.632455532033676,0.547722557505166,0.547722557505166,0.1,0.04,0,0.1,0.9,0.124,0.098,0.1,0.04,0.123,0.098,0.1,0.04,0.123,0.097,0.1,0.04,0.132,0.107,0.1,0.04,0.206687548969429,0.181389327688082
"116",4000,4000,0.632455532033676,0.547722557505166,0.547722557505166,0.1,0.05,0,0.1,0.9,0.129,0.108,0.1,0.05,0.129,0.107,0.1,0.05,0.13,0.107,0.1,0.05,0.14,0.117,0.1,0.05,0.222236659610103,0.190613883008419
"117",4000,4000,0.632455532033676,0.547722557505166,0.547722557505166,0.1,0.06,0,0.1,0.9,0.136,0.117,0.1,0.06,0.136,0.117,0.1,0.06,0.136,0.117,0.1,0.06,0.148,0.127,0.1,0.06,0.237985770250776,0.200038438328756
"118",4000,4000,0.632455532033676,0.547722557505166,0.547722557505166,0.1,0.07,0,0.1,0.9,0.142,0.127,0.1,0.07,0.142,0.127,0.1,0.07,0.142,0.127,0.1,0.07,0.157,0.137,0.1,0.07,0.25393488089145,0.209662993649093
"119",4000,4000,0.632455532033676,0.547722557505166,0.547722557505166,0.1,0.08,0,0.1,0.9,0.149,0.137,0.1,0.08,0.148,0.137,0.1,0.08,0.148,0.137,0.1,0.08,0.165,0.147,0.1,0.08,0.270083991532123,0.219487548969429
"120",4000,4000,0.632455532033676,0.547722557505166,0.547722557505166,0.1,0.09,0,0.1,0.9,0.155,0.147,0.1,0.09,0.155,0.147,0.1,0.09,0.155,0.147,0.1,0.09,0.173,0.157,0.1,0.09,0.286433102172797,0.229512104289766
"121",4000,4000,0.632455532033676,0.547722557505166,0.547722557505166,0.1,0.1,0,0.1,0.9,0.162,0.157,0.1,0.1,0.162,0.157,0.1,0.1,0.162,0.157,0.1,0.1,0.182,0.167,0.1,0.1,0.30298221281347,0.239736659610103
